datasetID,datasetName,Metric,VIF
1,JM1,LOC_BLANK,20.1859322
1,JM1,BRANCH_COUNT,108.1721603
1,JM1,LOC_CODE_AND_COMMENT,1.916039494
1,JM1,LOC_COMMENTS,24.29945005
1,JM1,CYCLOMATIC_COMPLEXITY,103.2914286
1,JM1,DESIGN_COMPLEXITY,5.145459955
1,JM1,ESSENTIAL_COMPLEXITY,4.990953519
1,JM1,LOC_EXECUTABLE,479.7200078
1,JM1,HALSTEAD_CONTENT,5.936539358
1,JM1,HALSTEAD_DIFFICULTY,16.21904039
1,JM1,HALSTEAD_EFFORT,2.21988E+13
1,JM1,HALSTEAD_ERROR_EST,44990.9964
1,JM1,HALSTEAD_LENGTH,299.0162095
1,JM1,HALSTEAD_LEVEL,2.198457985
1,JM1,HALSTEAD_PROG_TIME,2.21988E+13
1,JM1,HALSTEAD_VOLUME,45200.18983
1,JM1,NUM_OPERANDS,83.07874135
1,JM1,NUM_OPERATORS,NA
1,JM1,NUM_UNIQUE_OPERANDS,19.54165687
1,JM1,NUM_UNIQUE_OPERATORS,9.091346838
1,JM1,LOC_TOTAL,777.668257
2,KC3,LOC_BLANK,155.4986082
2,KC3,BRANCH_COUNT,4586.02783
2,KC3,CALL_PAIRS,52.78205608
2,KC3,LOC_CODE_AND_COMMENT,7.621026954
2,KC3,LOC_COMMENTS,80.49923313
2,KC3,CONDITION_COUNT,1655599999
2,KC3,CYCLOMATIC_COMPLEXITY,3721.578902
2,KC3,CYCLOMATIC_DENSITY,45.95834787
2,KC3,DECISION_COUNT,782.85636
2,KC3,DECISION_DENSITY,5.736324538
2,KC3,DESIGN_COMPLEXITY,198.8540897
2,KC3,DESIGN_DENSITY,6.10776888
2,KC3,EDGE_COUNT,296.2717322
2,KC3,ESSENTIAL_COMPLEXITY,14.87676295
2,KC3,ESSENTIAL_DENSITY,34.12746837
2,KC3,LOC_EXECUTABLE,5714.16725
2,KC3,PARAMETER_COUNT,2.408810622
2,KC3,GLOBAL_DATA_COMPLEXITY,174.5070362
2,KC3,GLOBAL_DATA_DENSITY,6.479741883
2,KC3,HALSTEAD_CONTENT,222.6173483
2,KC3,HALSTEAD_DIFFICULTY,196.8713751
2,KC3,HALSTEAD_EFFORT,1.55675E+12
2,KC3,HALSTEAD_ERROR_EST,59760.72023
2,KC3,HALSTEAD_LENGTH,5750.470719
2,KC3,HALSTEAD_LEVEL,14.22717559
2,KC3,HALSTEAD_PROG_TIME,1.55676E+12
2,KC3,HALSTEAD_VOLUME,68646.11552
2,KC3,MAINTENANCE_SEVERITY,46.34212433
2,KC3,MODIFIED_CONDITION_COUNT,NA
2,KC3,MULTIPLE_CONDITION_COUNT,1655598674
2,KC3,NODE_COUNT,NA
2,KC3,NORMALIZED_CYLOMATIC_COMPLEXITY,53.68358857
2,KC3,NUM_OPERANDS,2908.01929
2,KC3,NUM_OPERATORS,NA
2,KC3,NUM_UNIQUE_OPERANDS,753.2065126
2,KC3,NUM_UNIQUE_OPERATORS,98.13523782
2,KC3,NUMBER_OF_LINES,8440.653993
2,KC3,PERCENT_COMMENTS,9.027124509
2,KC3,LOC_TOTAL,NA
3,MC1,LOC_BLANK,10.6368579
3,MC1,BRANCH_COUNT,188.696525
3,MC1,CALL_PAIRS,5.828594424
3,MC1,LOC_CODE_AND_COMMENT,8.83327323
3,MC1,LOC_COMMENTS,20.26383463
3,MC1,CONDITION_COUNT,5086.309162
3,MC1,CYCLOMATIC_COMPLEXITY,16.33476756
3,MC1,CYCLOMATIC_DENSITY,5.864882414
3,MC1,DECISION_COUNT,239.2488406
3,MC1,DESIGN_COMPLEXITY,8.591548114
3,MC1,DESIGN_DENSITY,4.3872434
3,MC1,EDGE_COUNT,3885.026455
3,MC1,ESSENTIAL_COMPLEXITY,7.642272315
3,MC1,ESSENTIAL_DENSITY,2.174580627
3,MC1,LOC_EXECUTABLE,94.27739832
3,MC1,PARAMETER_COUNT,1.423194351
3,MC1,GLOBAL_DATA_COMPLEXITY,1.774402574
3,MC1,GLOBAL_DATA_DENSITY,1.231190634
3,MC1,HALSTEAD_CONTENT,23.69487086
3,MC1,HALSTEAD_DIFFICULTY,22.19779182
3,MC1,HALSTEAD_EFFORT,2.85809E+12
3,MC1,HALSTEAD_ERROR_EST,22921.79306
3,MC1,HALSTEAD_LENGTH,937.9370667
3,MC1,HALSTEAD_LEVEL,3.553018819
3,MC1,HALSTEAD_PROG_TIME,2.85808E+12
3,MC1,HALSTEAD_VOLUME,23399.48068
3,MC1,MAINTENANCE_SEVERITY,4.815273199
3,MC1,MODIFIED_CONDITION_COUNT,NA
3,MC1,MULTIPLE_CONDITION_COUNT,3950.699539
3,MC1,NODE_COUNT,2565.998665
3,MC1,NORMALIZED_CYLOMATIC_COMPLEXITY,4.450584177
3,MC1,NUM_OPERANDS,240.4805799
3,MC1,NUM_OPERATORS,NA
3,MC1,NUM_UNIQUE_OPERANDS,137.7094206
3,MC1,NUM_UNIQUE_OPERATORS,28.58688457
3,MC1,NUMBER_OF_LINES,149.7453795
3,MC1,PERCENT_COMMENTS,2.635768173
3,MC1,LOC_TOTAL,NA
4,MC2,LOC_BLANK,94.67139555
4,MC2,BRANCH_COUNT,24885.74365
4,MC2,CALL_PAIRS,29.42382812
4,MC2,LOC_CODE_AND_COMMENT,11.08454518
4,MC2,LOC_COMMENTS,75.12410859
4,MC2,CONDITION_COUNT,3031127155
4,MC2,CYCLOMATIC_COMPLEXITY,9537.915977
4,MC2,CYCLOMATIC_DENSITY,30.13958614
4,MC2,DECISION_COUNT,2116.462358
4,MC2,DECISION_DENSITY,11.1382797
4,MC2,DESIGN_COMPLEXITY,77.29558351
4,MC2,DESIGN_DENSITY,8.52205724
4,MC2,EDGE_COUNT,379.7672739
4,MC2,ESSENTIAL_COMPLEXITY,96.20927502
4,MC2,ESSENTIAL_DENSITY,29.78450756
4,MC2,LOC_EXECUTABLE,244.9416676
4,MC2,PARAMETER_COUNT,3.50808983
4,MC2,GLOBAL_DATA_COMPLEXITY,79.94327122
4,MC2,GLOBAL_DATA_DENSITY,9.157175133
4,MC2,HALSTEAD_CONTENT,114.1475801
4,MC2,HALSTEAD_DIFFICULTY,26.5672264
4,MC2,HALSTEAD_EFFORT,2.08604E+12
4,MC2,HALSTEAD_ERROR_EST,23983.33114
4,MC2,HALSTEAD_LENGTH,2071.250303
4,MC2,HALSTEAD_LEVEL,12.52417158
4,MC2,HALSTEAD_PROG_TIME,2.08604E+12
4,MC2,HALSTEAD_VOLUME,27320.01955
4,MC2,MAINTENANCE_SEVERITY,29.80401962
4,MC2,MODIFIED_CONDITION_COUNT,NA
4,MC2,MULTIPLE_CONDITION_COUNT,3031113763
4,MC2,NODE_COUNT,NA
4,MC2,NORMALIZED_CYLOMATIC_COMPLEXITY,44.78815984
4,MC2,NUM_OPERANDS,386.090847
4,MC2,NUM_OPERATORS,NA
4,MC2,NUM_UNIQUE_OPERANDS,334.785961
4,MC2,NUM_UNIQUE_OPERATORS,64.97299923
4,MC2,NUMBER_OF_LINES,743.4588745
4,MC2,PERCENT_COMMENTS,13.53548609
4,MC2,LOC_TOTAL,NA
5,MW1,LOC_BLANK,14.99761599
5,MW1,BRANCH_COUNT,1127.027811
5,MW1,CALL_PAIRS,12.76301653
5,MW1,LOC_CODE_AND_COMMENT,3.424158144
5,MW1,LOC_COMMENTS,15.96720544
5,MW1,CONDITION_COUNT,99968.5913
5,MW1,CYCLOMATIC_COMPLEXITY,501.6496928
5,MW1,CYCLOMATIC_DENSITY,77.39664152
5,MW1,DECISION_COUNT,523.1741106
5,MW1,DECISION_DENSITY,14.89631327
5,MW1,DESIGN_COMPLEXITY,31.895193
5,MW1,DESIGN_DENSITY,5.734131938
5,MW1,EDGE_COUNT,63.45277633
5,MW1,ESSENTIAL_COMPLEXITY,24.82106989
5,MW1,ESSENTIAL_DENSITY,3.763032279
5,MW1,LOC_EXECUTABLE,42.43329837
5,MW1,PARAMETER_COUNT,1.86063361
5,MW1,HALSTEAD_CONTENT,34.40265181
5,MW1,HALSTEAD_DIFFICULTY,106.7149384
5,MW1,HALSTEAD_EFFORT,1.55267E+11
5,MW1,HALSTEAD_ERROR_EST,6035.591324
5,MW1,HALSTEAD_LENGTH,1295.303519
5,MW1,HALSTEAD_LEVEL,7.687202071
5,MW1,HALSTEAD_PROG_TIME,1.55267E+11
5,MW1,HALSTEAD_VOLUME,7639.416753
5,MW1,MAINTENANCE_SEVERITY,14.07626572
5,MW1,MODIFIED_CONDITION_COUNT,NA
5,MW1,MULTIPLE_CONDITION_COUNT,96732.47626
5,MW1,NODE_COUNT,NA
5,MW1,NORMALIZED_CYLOMATIC_COMPLEXITY,84.9281669
5,MW1,NUM_OPERANDS,322.182881
5,MW1,NUM_OPERATORS,NA
5,MW1,NUM_UNIQUE_OPERANDS,180.1649331
5,MW1,NUM_UNIQUE_OPERATORS,95.28111449
5,MW1,NUMBER_OF_LINES,NA
5,MW1,PERCENT_COMMENTS,13.96591464
5,MW1,LOC_TOTAL,NA
6,PC1,LOC_BLANK,5.490314
6,PC1,BRANCH_COUNT,1919.64508
6,PC1,CALL_PAIRS,4.888034298
6,PC1,LOC_CODE_AND_COMMENT,3.14224686
6,PC1,LOC_COMMENTS,6.504616958
6,PC1,CONDITION_COUNT,3246.789446
6,PC1,CYCLOMATIC_COMPLEXITY,355285194.8
6,PC1,CYCLOMATIC_DENSITY,8.251520934
6,PC1,DECISION_COUNT,633.9079517
6,PC1,DECISION_DENSITY,3.540285184
6,PC1,DESIGN_COMPLEXITY,20.35057644
6,PC1,DESIGN_DENSITY,3.958397192
6,PC1,EDGE_COUNT,6203316188
6,PC1,ESSENTIAL_COMPLEXITY,14.40188899
6,PC1,ESSENTIAL_DENSITY,22.8285295
6,PC1,LOC_EXECUTABLE,57.39990876
6,PC1,PARAMETER_COUNT,1.379734043
6,PC1,HALSTEAD_CONTENT,52.31126438
6,PC1,HALSTEAD_DIFFICULTY,55.97146877
6,PC1,HALSTEAD_EFFORT,5.08481E+12
6,PC1,HALSTEAD_ERROR_EST,40638.2263
6,PC1,HALSTEAD_LENGTH,2002.240952
6,PC1,HALSTEAD_LEVEL,4.46762445
6,PC1,HALSTEAD_PROG_TIME,5.08481E+12
6,PC1,HALSTEAD_VOLUME,40907.57056
6,PC1,MAINTENANCE_SEVERITY,24.30271853
6,PC1,MODIFIED_CONDITION_COUNT,NA
6,PC1,MULTIPLE_CONDITION_COUNT,1392.9698
6,PC1,NODE_COUNT,3698666721
6,PC1,NORMALIZED_CYLOMATIC_COMPLEXITY,7.484542232
6,PC1,NUM_OPERANDS,363.6103704
6,PC1,NUM_OPERATORS,NA
6,PC1,NUM_UNIQUE_OPERANDS,206.8853201
6,PC1,NUM_UNIQUE_OPERATORS,41.94114299
6,PC1,NUMBER_OF_LINES,40.61527388
6,PC1,PERCENT_COMMENTS,3.525915804
6,PC1,LOC_TOTAL,NA
7,PC2,BRANCH_COUNT,48699.45154
7,PC2,CALL_PAIRS,14.8108587
7,PC2,LOC_CODE_AND_COMMENT,1395.932534
7,PC2,LOC_COMMENTS,260.24467
7,PC2,CONDITION_COUNT,2722234856
7,PC2,CYCLOMATIC_COMPLEXITY,13331333823
7,PC2,CYCLOMATIC_DENSITY,12.75992286
7,PC2,DECISION_COUNT,931.3763616
7,PC2,DECISION_DENSITY,9.06399871
7,PC2,DESIGN_COMPLEXITY,108.7081435
7,PC2,DESIGN_DENSITY,6.98871539
7,PC2,EDGE_COUNT,3.02601E+11
7,PC2,ESSENTIAL_COMPLEXITY,88.47355288
7,PC2,ESSENTIAL_DENSITY,7.103320413
7,PC2,LOC_EXECUTABLE,91.05407083
7,PC2,PARAMETER_COUNT,6.130199408
7,PC2,HALSTEAD_CONTENT,71.05547097
7,PC2,HALSTEAD_DIFFICULTY,37.31807889
7,PC2,HALSTEAD_EFFORT,7.83136E+11
7,PC2,HALSTEAD_ERROR_EST,10415.19143
7,PC2,HALSTEAD_LENGTH,1579.508304
7,PC2,HALSTEAD_LEVEL,5.742146416
7,PC2,HALSTEAD_PROG_TIME,7.83136E+11
7,PC2,HALSTEAD_VOLUME,12445.67494
7,PC2,MAINTENANCE_SEVERITY,17.7586873
7,PC2,MODIFIED_CONDITION_COUNT,NA
7,PC2,MULTIPLE_CONDITION_COUNT,2722233400
7,PC2,NODE_COUNT,1.93362E+11
7,PC2,NORMALIZED_CYLOMATIC_COMPLEXITY,11.96578092
7,PC2,NUM_OPERANDS,358.3867532
7,PC2,NUM_OPERATORS,NA
7,PC2,NUM_UNIQUE_OPERANDS,270.9672762
7,PC2,NUM_UNIQUE_OPERATORS,22.05272684
7,PC2,NUMBER_OF_LINES,2543.914716
7,PC2,PERCENT_COMMENTS,5.505913187
7,PC2,LOC_TOTAL,NA
8,PC3,LOC_BLANK,18.35725215
8,PC3,BRANCH_COUNT,1277.902169
8,PC3,CALL_PAIRS,2.773270225
8,PC3,LOC_CODE_AND_COMMENT,6.430302362
8,PC3,LOC_COMMENTS,24.36004325
8,PC3,CONDITION_COUNT,2932.672296
8,PC3,CYCLOMATIC_COMPLEXITY,562.3362414
8,PC3,CYCLOMATIC_DENSITY,14.43024354
8,PC3,DECISION_COUNT,464.4650009
8,PC3,DECISION_DENSITY,2.584617253
8,PC3,DESIGN_COMPLEXITY,7.195557176
8,PC3,DESIGN_DENSITY,3.373025153
8,PC3,EDGE_COUNT,49.58712008
8,PC3,ESSENTIAL_COMPLEXITY,8.819665209
8,PC3,ESSENTIAL_DENSITY,13.24261537
8,PC3,LOC_EXECUTABLE,130.3321272
8,PC3,PARAMETER_COUNT,1.172164821
8,PC3,HALSTEAD_CONTENT,18.78258629
8,PC3,HALSTEAD_DIFFICULTY,17.9323402
8,PC3,HALSTEAD_EFFORT,1.14206E+12
8,PC3,HALSTEAD_ERROR_EST,26222.08835
8,PC3,HALSTEAD_LENGTH,471.1361828
8,PC3,HALSTEAD_LEVEL,4.819498652
8,PC3,HALSTEAD_PROG_TIME,1.14206E+12
8,PC3,HALSTEAD_VOLUME,25996.2509
8,PC3,MAINTENANCE_SEVERITY,16.18253712
8,PC3,MODIFIED_CONDITION_COUNT,NA
8,PC3,MULTIPLE_CONDITION_COUNT,1654.197827
8,PC3,NODE_COUNT,NA
8,PC3,NORMALIZED_CYLOMATIC_COMPLEXITY,15.52250232
8,PC3,NUM_OPERANDS,123.9360193
8,PC3,NUM_OPERATORS,NA
8,PC3,NUM_UNIQUE_OPERANDS,46.11945317
8,PC3,NUM_UNIQUE_OPERATORS,13.31615373
8,PC3,NUMBER_OF_LINES,271.9769589
8,PC3,PERCENT_COMMENTS,4.173431137
8,PC3,LOC_TOTAL,NA
9,PC4,LOC_BLANK,29.4045024
9,PC4,BRANCH_COUNT,1290.111279
9,PC4,CALL_PAIRS,3.649350952
9,PC4,LOC_CODE_AND_COMMENT,8.84191949
9,PC4,LOC_COMMENTS,16.31387091
9,PC4,CONDITION_COUNT,1173484470
9,PC4,CYCLOMATIC_COMPLEXITY,701225537.3
9,PC4,CYCLOMATIC_DENSITY,6.668115829
9,PC4,DECISION_COUNT,350.9646436
9,PC4,DECISION_DENSITY,6.539299564
9,PC4,DESIGN_COMPLEXITY,7.541763635
9,PC4,DESIGN_DENSITY,4.3761256
9,PC4,EDGE_COUNT,11569339967
9,PC4,ESSENTIAL_COMPLEXITY,5.74235868
9,PC4,ESSENTIAL_DENSITY,8.78287713
9,PC4,LOC_EXECUTABLE,107.0234105
9,PC4,PARAMETER_COUNT,1.296678872
9,PC4,HALSTEAD_CONTENT,18.33494926
9,PC4,HALSTEAD_DIFFICULTY,23.21057714
9,PC4,HALSTEAD_EFFORT,5.03655E+11
9,PC4,HALSTEAD_ERROR_EST,6022.89747
9,PC4,HALSTEAD_LENGTH,206.3592204
9,PC4,HALSTEAD_LEVEL,4.220128721
9,PC4,HALSTEAD_PROG_TIME,5.03655E+11
9,PC4,HALSTEAD_VOLUME,6473.805536
9,PC4,MAINTENANCE_SEVERITY,14.9259977
9,PC4,MODIFIED_CONDITION_COUNT,NA
9,PC4,MULTIPLE_CONDITION_COUNT,1173484074
9,PC4,NODE_COUNT,6997477136
9,PC4,NORMALIZED_CYLOMATIC_COMPLEXITY,4.121233153
9,PC4,NUM_OPERANDS,106.1936204
9,PC4,NUM_OPERATORS,NA
9,PC4,NUM_UNIQUE_OPERANDS,41.87887814
9,PC4,NUM_UNIQUE_OPERATORS,14.69352655
9,PC4,NUMBER_OF_LINES,299.9195574
9,PC4,PERCENT_COMMENTS,3.421811627
9,PC4,LOC_TOTAL,NA
10,PC5,LOC_BLANK,139.0024456
10,PC5,BRANCH_COUNT,1900.583394
10,PC5,CALL_PAIRS,2.804486082
10,PC5,LOC_CODE_AND_COMMENT,5.64693019
10,PC5,LOC_COMMENTS,137.4414333
10,PC5,CONDITION_COUNT,1170.125506
10,PC5,CYCLOMATIC_COMPLEXITY,264.3200748
10,PC5,CYCLOMATIC_DENSITY,4.8209302
10,PC5,DECISION_COUNT,303.6017358
10,PC5,DESIGN_COMPLEXITY,5.265820126
10,PC5,DESIGN_DENSITY,2.782140044
10,PC5,EDGE_COUNT,30928.086
10,PC5,ESSENTIAL_COMPLEXITY,6.792691526
10,PC5,ESSENTIAL_DENSITY,4.195776894
10,PC5,LOC_EXECUTABLE,2496.039785
10,PC5,PARAMETER_COUNT,1.053232372
10,PC5,GLOBAL_DATA_COMPLEXITY,13.15891945
10,PC5,GLOBAL_DATA_DENSITY,1.661636599
10,PC5,HALSTEAD_CONTENT,48.54723549
10,PC5,HALSTEAD_DIFFICULTY,8.351124969
10,PC5,HALSTEAD_EFFORT,6.662E+13
10,PC5,HALSTEAD_ERROR_EST,674407.1611
10,PC5,HALSTEAD_LENGTH,739.8039228
10,PC5,HALSTEAD_LEVEL,2.122313079
10,PC5,HALSTEAD_PROG_TIME,6.662E+13
10,PC5,HALSTEAD_VOLUME,673780.8767
10,PC5,MAINTENANCE_SEVERITY,4.000346543
10,PC5,MODIFIED_CONDITION_COUNT,NA
10,PC5,MULTIPLE_CONDITION_COUNT,18.09032766
10,PC5,NODE_COUNT,22936.112
10,PC5,NORMALIZED_CYLOMATIC_COMPLEXITY,6.067090962
10,PC5,NUM_OPERANDS,453.6215834
10,PC5,NUM_OPERATORS,NA
10,PC5,NUM_UNIQUE_OPERANDS,84.28461483
10,PC5,NUM_UNIQUE_OPERATORS,8.254106387
10,PC5,NUMBER_OF_LINES,4842.919003
10,PC5,PERCENT_COMMENTS,1.892227963
10,PC5,LOC_TOTAL,NA
11,ar1,total_loc,30689.99184
11,ar1,blank_loc,85.03925323
11,ar1,comment_loc,1350.865188
11,ar1,code_and_comment_loc,33.42800351
11,ar1,executable_loc,NA
11,ar1,unique_operands,9814.949012
11,ar1,unique_operators,20065.69479
11,ar1,total_operands,573923.2618
11,ar1,total_operators,685655.7715
11,ar1,halstead_vocabulary,NA
11,ar1,halstead_length,NA
11,ar1,halstead_volume,4389432.639
11,ar1,halstead_level,399.5422028
11,ar1,halstead_difficulty,33743.62041
11,ar1,halstead_effort,2.15267E+13
11,ar1,halstead_error,627426.6356
11,ar1,halstead_time,2.15285E+13
11,ar1,branch_count,774263.128
11,ar1,decision_count,NA
11,ar1,call_pairs,3323.913721
11,ar1,condition_count,89168.0474
11,ar1,multiple_condition_count,38299.7706
11,ar1,cyclomatic_complexity,237335.7858
11,ar1,cyclomatic_density,276.6466466
11,ar1,decision_density,75.09556632
11,ar1,design_complexity,NA
11,ar1,design_density,141.7050167
11,ar1,normalized_cyclomatic_complexity,438.2578671
11,ar1,formal_parameters,68.86175361
12,ar3,-,FAILED
13,ar4,-,FAILED
14,ar5,-,FAILED
15,ar6,total_loc,5.02839E+12
15,ar6,blank_loc,2091292358
15,ar6,comment_loc,5.05917E+11
15,ar6,code_and_comment_loc,3.080367306
15,ar6,executable_loc,3.62018E+12
15,ar6,unique_operands,1.11009E+12
15,ar6,unique_operators,2.37071E+11
15,ar6,total_operands,3981.876719
15,ar6,total_operators,5154.706284
15,ar6,halstead_vocabulary,2.17796E+12
15,ar6,halstead_length,NA
15,ar6,halstead_volume,7690.521408
15,ar6,halstead_level,46.35428093
15,ar6,halstead_difficulty,773.5924368
15,ar6,halstead_effort,16197025086
15,ar6,halstead_error,2737294.713
15,ar6,halstead_time,16196926442
15,ar6,branch_count,6818.099655
15,ar6,decision_count,NA
15,ar6,call_pairs,67.30180929
15,ar6,condition_count,2445.013038
15,ar6,multiple_condition_count,919.7242335
15,ar6,cyclomatic_complexity,2745.078254
15,ar6,cyclomatic_density,21.26922996
15,ar6,decision_density,19.26594882
15,ar6,design_complexity,NA
15,ar6,design_density,11.09485404
15,ar6,normalized_cyclomatic_complexity,27.3023333
15,ar6,formal_parameters,12.34467592
16,cm1,LOC_BLANK,33.45843704
16,cm1,BRANCH_COUNT,3612.090317
16,cm1,CALL_PAIRS,2.84563518
16,cm1,LOC_CODE_AND_COMMENT,10.24561783
16,cm1,LOC_COMMENTS,71.70532563
16,cm1,CONDITION_COUNT,5370704810
16,cm1,CYCLOMATIC_COMPLEXITY,1405.418448
16,cm1,CYCLOMATIC_DENSITY,14.22101386
16,cm1,DECISION_COUNT,971.5020937
16,cm1,DECISION_DENSITY,4.197706953
16,cm1,DESIGN_COMPLEXITY,30.95405243
16,cm1,DESIGN_DENSITY,4.491721914
16,cm1,EDGE_COUNT,52.97585207
16,cm1,ESSENTIAL_COMPLEXITY,13.57352767
16,cm1,ESSENTIAL_DENSITY,22.09933264
16,cm1,LOC_EXECUTABLE,174.1841589
16,cm1,PARAMETER_COUNT,1.397238137
16,cm1,HALSTEAD_CONTENT,32.73676613
16,cm1,HALSTEAD_DIFFICULTY,55.28433056
16,cm1,HALSTEAD_EFFORT,5.37885E+12
16,cm1,HALSTEAD_ERROR_EST,44060.42686
16,cm1,HALSTEAD_LENGTH,1458.948701
16,cm1,HALSTEAD_LEVEL,2.734685055
16,cm1,HALSTEAD_PROG_TIME,5.37885E+12
16,cm1,HALSTEAD_VOLUME,46519.80184
16,cm1,MAINTENANCE_SEVERITY,25.3736895
16,cm1,MODIFIED_CONDITION_COUNT,NA
16,cm1,MULTIPLE_CONDITION_COUNT,5370703310
16,cm1,NODE_COUNT,NA
16,cm1,NORMALIZED_CYLOMATIC_COMPLEXITY,12.81335357
16,cm1,NUM_OPERANDS,227.6846199
16,cm1,NUM_OPERATORS,NA
16,cm1,NUM_UNIQUE_OPERANDS,169.7604191
16,cm1,NUM_UNIQUE_OPERATORS,34.44864091
16,cm1,NUMBER_OF_LINES,553.0870626
16,cm1,PERCENT_COMMENTS,8.089208108
16,cm1,LOC_TOTAL,NA
17,kc2,loc,1066.245148
17,kc2,v_g,324.531358
17,kc2,ev_g,3.16837072
17,kc2,iv_g,11.90698792
17,kc2,n,3733.577044
17,kc2,v,1682.514822
17,kc2,l,3.144879747
17,kc2,d,73.45962481
17,kc2,i,47.11099433
17,kc2,e,200735.0939
17,kc2,b,13.46582877
17,kc2,t,200774.5578
17,kc2,lOCode,715.4715955
17,kc2,lOComment,15.63210994
17,kc2,lOBlank,30.96875176
17,kc2,lOCodeAndComment,1.94771372
17,kc2,uniq_Op,25.10876608
17,kc2,uniq_Opnd,104.5404926
17,kc2,total_Op,614.5001458
17,kc2,total_Opnd,360.978888
17,kc2,branchCount,324.7919525
18,ant-1.3,wmc,109.1902291
18,ant-1.3,dit,12.43717713
18,ant-1.3,noc,1.210510281
18,ant-1.3,cbo,492.6806574
18,ant-1.3,rfc,21.96221788
18,ant-1.3,lcom,11.79820554
18,ant-1.3,ca,525.5994892
18,ant-1.3,ce,32.79278566
18,ant-1.3,npm,37.40028539
18,ant-1.3,lcom3,1.873474831
18,ant-1.3,loc,27.71056257
18,ant-1.3,dam,2.361911441
18,ant-1.3,moa,1.759849868
18,ant-1.3,mfa,11.62610946
18,ant-1.3,cam,2.717031942
18,ant-1.3,ic,6.972439293
18,ant-1.3,cbm,4.8968635
18,ant-1.3,amc,7.296521182
18,ant-1.3,max_cc,7.750839255
18,ant-1.3,avg_cc,7.560157673
19,ant-1.4,wmc,51.18230285
19,ant-1.4,dit,4.663324931
19,ant-1.4,noc,1.659710057
19,ant-1.4,cbo,37.84368121
19,ant-1.4,rfc,25.54254444
19,ant-1.4,lcom,6.905518112
19,ant-1.4,ca,9.120050497
19,ant-1.4,ce,22.16807286
19,ant-1.4,npm,27.28641864
19,ant-1.4,lcom3,3.799642816
19,ant-1.4,loc,18.11937296
19,ant-1.4,dam,4.51400593
19,ant-1.4,moa,2.599605955
19,ant-1.4,mfa,4.409708777
19,ant-1.4,cam,2.313618527
19,ant-1.4,ic,8.335494032
19,ant-1.4,cbm,6.841096682
19,ant-1.4,amc,3.087370376
19,ant-1.4,max_cc,5.636780374
19,ant-1.4,avg_cc,4.243982565
20,ant-1.5,wmc,74.98423362
20,ant-1.5,dit,5.752327103
20,ant-1.5,noc,1.963959783
20,ant-1.5,cbo,158.765306
20,ant-1.5,rfc,25.23360327
20,ant-1.5,lcom,6.956067423
20,ant-1.5,ca,50.08889608
20,ant-1.5,ce,79.01996611
20,ant-1.5,npm,17.59841082
20,ant-1.5,lcom3,2.038044335
20,ant-1.5,loc,18.47599852
20,ant-1.5,dam,2.2419373
20,ant-1.5,moa,1.748185407
20,ant-1.5,mfa,4.017673378
20,ant-1.5,cam,2.950471448
20,ant-1.5,ic,5.491209695
20,ant-1.5,cbm,5.70796695
20,ant-1.5,amc,7.432901032
20,ant-1.5,max_cc,5.58145789
20,ant-1.5,avg_cc,5.904983245
21,ant-1.6,wmc,28.83499164
21,ant-1.6,dit,5.875945412
21,ant-1.6,noc,1.353522273
21,ant-1.6,cbo,640.185192
21,ant-1.6,rfc,6.473195461
21,ant-1.6,lcom,3.973488041
21,ant-1.6,ca,631.0017032
21,ant-1.6,ce,45.71820462
21,ant-1.6,npm,13.34357251
21,ant-1.6,lcom3,3.418704046
21,ant-1.6,loc,4.199038714
21,ant-1.6,dam,3.792667798
21,ant-1.6,moa,1.626229248
21,ant-1.6,mfa,5.09944529
21,ant-1.6,cam,1.884550925
21,ant-1.6,ic,4.70481196
21,ant-1.6,cbm,3.953485735
21,ant-1.6,amc,1.428768343
21,ant-1.6,max_cc,3.632975245
21,ant-1.6,avg_cc,2.38439401
22,ant-1.7,wmc,21.80949149
22,ant-1.7,dit,4.847931642
22,ant-1.7,noc,1.270859132
22,ant-1.7,cbo,335.4038401
22,ant-1.7,rfc,8.708551622
22,ant-1.7,lcom,4.024017982
22,ant-1.7,ca,292.1906173
22,ant-1.7,ce,32.08496113
22,ant-1.7,npm,8.594587358
22,ant-1.7,lcom3,2.630827669
22,ant-1.7,loc,6.025050819
22,ant-1.7,dam,2.88382606
22,ant-1.7,moa,1.590489155
22,ant-1.7,mfa,4.338835222
22,ant-1.7,cam,2.260616435
22,ant-1.7,ic,3.054934741
22,ant-1.7,cbm,2.709573894
22,ant-1.7,amc,1.456774753
22,ant-1.7,max_cc,2.920313415
22,ant-1.7,avg_cc,2.624285679
23,arc,wmc,85.75305544
23,arc,dit,42.87277715
23,arc,noc,1.000000532
23,arc,cbo,24817604543
23,arc,rfc,38.37650248
23,arc,lcom,6.567000652
23,arc,ca,4378898145
23,arc,ce,27095716146
23,arc,npm,61.73045726
23,arc,lcom3,14.12224737
23,arc,loc,17.33975055
23,arc,dam,11.17638677
23,arc,moa,8.922960893
23,arc,mfa,41.59670738
23,arc,cam,1.705478945
23,arc,ic,166497126.4
23,arc,cbm,166497125.5
23,arc,amc,13.64702881
23,arc,max_cc,5.476175946
23,arc,avg_cc,6.904015296
24,berek,wmc,3107.180983
24,berek,dit,844.5333428
24,berek,noc,6.722340364
24,berek,cbo,14177.90263
24,berek,rfc,1399.905263
24,berek,lcom,4185.750988
24,berek,ca,5726.158803
24,berek,ce,5721.684685
24,berek,npm,1020.021357
24,berek,lcom3,85.23545579
24,berek,loc,703.3293921
24,berek,dam,43.21442863
24,berek,moa,141.7992259
24,berek,mfa,837.0443395
24,berek,cam,241.0555137
24,berek,ic,305.0314785
24,berek,cbm,NA
24,berek,amc,96.11425553
24,berek,max_cc,48.15940249
24,berek,avg_cc,207.6694246
25,camel-1.0,wmc,72.69969007
25,camel-1.0,dit,9.780901898
25,camel-1.0,noc,1.724049879
25,camel-1.0,cbo,1023.530127
25,camel-1.0,rfc,31.71253586
25,camel-1.0,lcom,5.544476882
25,camel-1.0,ca,1076.316519
25,camel-1.0,ce,35.35180553
25,camel-1.0,npm,32.81098512
25,camel-1.0,lcom3,6.233332972
25,camel-1.0,loc,16.62996412
25,camel-1.0,dam,7.254591832
25,camel-1.0,moa,2.219674387
25,camel-1.0,mfa,11.08787455
25,camel-1.0,cam,3.151429064
25,camel-1.0,ic,6298326.781
25,camel-1.0,cbm,6298325.565
25,camel-1.0,amc,14.96385494
25,camel-1.0,max_cc,4.805850297
25,camel-1.0,avg_cc,8.611717855
26,camel-1.2,wmc,84.42073777
26,camel-1.2,dit,3.493259371
26,camel-1.2,noc,1.116885925
26,camel-1.2,cbo,525.5102371
26,camel-1.2,rfc,17.84918646
26,camel-1.2,lcom,5.283585636
26,camel-1.2,ca,494.3350306
26,camel-1.2,ce,42.46794554
26,camel-1.2,npm,49.94772686
26,camel-1.2,lcom3,5.38480126
26,camel-1.2,loc,13.24152542
26,camel-1.2,dam,6.184134955
26,camel-1.2,moa,1.631008488
26,camel-1.2,mfa,4.698678375
26,camel-1.2,cam,2.248157637
26,camel-1.2,ic,4.352351811
26,camel-1.2,cbm,3.792040537
26,camel-1.2,amc,2.701240738
26,camel-1.2,max_cc,3.384419635
26,camel-1.2,avg_cc,3.0845704
27,camel-1.4,wmc,76.53343735
27,camel-1.4,dit,3.755908483
27,camel-1.4,noc,1.167128953
27,camel-1.4,cbo,440.8298501
27,camel-1.4,rfc,19.53001611
27,camel-1.4,lcom,3.840588812
27,camel-1.4,ca,408.3089548
27,camel-1.4,ce,40.34827117
27,camel-1.4,npm,46.32391246
27,camel-1.4,lcom3,6.549880824
27,camel-1.4,loc,15.62083148
27,camel-1.4,dam,7.467645644
27,camel-1.4,moa,1.331433049
27,camel-1.4,mfa,4.882990693
27,camel-1.4,cam,1.93384746
27,camel-1.4,ic,3.429656189
27,camel-1.4,cbm,2.594534955
27,camel-1.4,amc,2.944697763
27,camel-1.4,max_cc,3.289382608
27,camel-1.4,avg_cc,3.250570007
28,camel-1.6,wmc,84.47023676
28,camel-1.6,dit,3.887916129
28,camel-1.6,noc,1.140431452
28,camel-1.6,cbo,455.5971489
28,camel-1.6,rfc,28.39027982
28,camel-1.6,lcom,4.909219771
28,camel-1.6,ca,396.2632656
28,camel-1.6,ce,59.71677568
28,camel-1.6,npm,49.40255732
28,camel-1.6,lcom3,6.2910497
28,camel-1.6,loc,17.19119075
28,camel-1.6,dam,7.085737383
28,camel-1.6,moa,1.381699805
28,camel-1.6,mfa,5.073158224
28,camel-1.6,cam,2.141805377
28,camel-1.6,ic,3.853397861
28,camel-1.6,cbm,3.289629284
28,camel-1.6,amc,4.541581429
28,camel-1.6,max_cc,3.304749131
28,camel-1.6,avg_cc,4.127804926
29,ckjm,wmc,1066514.215
29,ckjm,dit,6928.964357
29,ckjm,noc,NA
29,ckjm,cbo,327260.2725
29,ckjm,rfc,3876.400432
29,ckjm,lcom,196799.4179
29,ckjm,ca,3491.420663
29,ckjm,ce,716117.5465
29,ckjm,npm,394933.4826
29,ckjm,lcom3,4290.014414
29,ckjm,loc,NA
29,ckjm,dam,NA
29,ckjm,moa,NA
29,ckjm,mfa,NA
29,ckjm,cam,NA
29,ckjm,ic,NA
29,ckjm,cbm,NA
29,ckjm,amc,NA
29,ckjm,max_cc,NA
29,ckjm,avg_cc,NA
30,e-learning,wmc,9833.74029
30,e-learning,dit,103.6888996
30,e-learning,noc,12.36765757
30,e-learning,cbo,79038.87615
30,e-learning,rfc,134.8610343
30,e-learning,lcom,136.2589402
30,e-learning,ca,49745.07341
30,e-learning,ce,25478.67569
30,e-learning,npm,10126.92496
30,e-learning,lcom3,97.98140821
30,e-learning,loc,107.089985
30,e-learning,dam,150.316643
30,e-learning,moa,11.22424504
30,e-learning,mfa,86.87486004
30,e-learning,cam,16.77435911
30,e-learning,ic,17.65573645
30,e-learning,cbm,NA
30,e-learning,amc,11.97919136
30,e-learning,max_cc,17.36971075
30,e-learning,avg_cc,13.71879032
31,forrest-0.6,wmc,1164.159695
31,forrest-0.6,dit,383.5641909
31,forrest-0.6,noc,NA
31,forrest-0.6,cbo,85.28756575
31,forrest-0.6,rfc,307.2598886
31,forrest-0.6,lcom,34.00226415
31,forrest-0.6,ca,NA
31,forrest-0.6,ce,NA
31,forrest-0.6,npm,NA
31,forrest-0.6,lcom3,NA
31,forrest-0.6,loc,NA
31,forrest-0.6,dam,NA
31,forrest-0.6,moa,NA
31,forrest-0.6,mfa,NA
31,forrest-0.6,cam,NA
31,forrest-0.6,ic,NA
31,forrest-0.6,cbm,NA
31,forrest-0.6,amc,NA
31,forrest-0.6,max_cc,NA
31,forrest-0.6,avg_cc,NA
32,forrest-0.7,wmc,8455.308104
32,forrest-0.7,dit,485.4354849
32,forrest-0.7,noc,60.3103388
32,forrest-0.7,cbo,4262.704585
32,forrest-0.7,rfc,3800.281624
32,forrest-0.7,lcom,4197.152773
32,forrest-0.7,ca,133.2340889
32,forrest-0.7,ce,8291.404161
32,forrest-0.7,npm,324.5184593
32,forrest-0.7,lcom3,1372.991692
32,forrest-0.7,loc,1309.533421
32,forrest-0.7,dam,554.3723898
32,forrest-0.7,moa,74.69306567
32,forrest-0.7,mfa,754.5924806
32,forrest-0.7,cam,11.26447933
32,forrest-0.7,ic,273.1367691
32,forrest-0.7,cbm,900.7362314
32,forrest-0.7,amc,977.1232264
32,forrest-0.7,max_cc,2108.148218
32,forrest-0.7,avg_cc,740.5747684
33,forrest-0.8,wmc,559.5138757
33,forrest-0.8,dit,26.18225849
33,forrest-0.8,noc,13.69496394
33,forrest-0.8,cbo,6272.824057
33,forrest-0.8,rfc,600.5245269
33,forrest-0.8,lcom,64.5747462
33,forrest-0.8,ca,234.0130731
33,forrest-0.8,ce,6341.761331
33,forrest-0.8,npm,495.3487176
33,forrest-0.8,lcom3,24.34704161
33,forrest-0.8,loc,638.5083608
33,forrest-0.8,dam,19.08717544
33,forrest-0.8,moa,62.53868633
33,forrest-0.8,mfa,37.63928057
33,forrest-0.8,cam,7.566471068
33,forrest-0.8,ic,198.237663
33,forrest-0.8,cbm,77.76706462
33,forrest-0.8,amc,64.2199569
33,forrest-0.8,max_cc,238.513394
33,forrest-0.8,avg_cc,289.5169689
34,intercafe,wmc,360940.4251
34,intercafe,dit,510775.9427
34,intercafe,noc,2539.14039
34,intercafe,cbo,403473.9795
34,intercafe,rfc,9686.32645
34,intercafe,lcom,167935.078
34,intercafe,ca,56210.40041
34,intercafe,ce,552806.9555
34,intercafe,npm,8591.335143
34,intercafe,lcom3,161418.4884
34,intercafe,loc,5813.160805
34,intercafe,dam,183209.5334
34,intercafe,moa,28327.7457
34,intercafe,mfa,361812.6004
34,intercafe,cam,40463.66196
34,intercafe,ic,110002.905
34,intercafe,cbm,89261.67613
34,intercafe,amc,278492.7826
34,intercafe,max_cc,120.7393942
34,intercafe,avg_cc,283315.6946
35,ivy-1.1,wmc,31.12157734
35,ivy-1.1,dit,13.98620287
35,ivy-1.1,noc,2.249888863
35,ivy-1.1,cbo,207.4230717
35,ivy-1.1,rfc,22.07146654
35,ivy-1.1,lcom,6.137290287
35,ivy-1.1,ca,205.4453571
35,ivy-1.1,ce,59.98314574
35,ivy-1.1,npm,16.62049693
35,ivy-1.1,lcom3,7.965430034
35,ivy-1.1,loc,14.63826392
35,ivy-1.1,dam,8.365860022
35,ivy-1.1,moa,3.852912623
35,ivy-1.1,mfa,7.376778701
35,ivy-1.1,cam,3.854971883
35,ivy-1.1,ic,6.075321926
35,ivy-1.1,cbm,6.072189858
35,ivy-1.1,amc,10.56080362
35,ivy-1.1,max_cc,6.935460581
35,ivy-1.1,avg_cc,9.961619945
36,ivy-1.4,wmc,60.06848528
36,ivy-1.4,dit,10.19029798
36,ivy-1.4,noc,1.779969124
36,ivy-1.4,cbo,15.43185576
36,ivy-1.4,rfc,37.79528588
36,ivy-1.4,lcom,11.44363437
36,ivy-1.4,ca,6.254360267
36,ivy-1.4,ce,3.203476853
36,ivy-1.4,npm,37.68253478
36,ivy-1.4,lcom3,4.080783554
36,ivy-1.4,loc,32.48131601
36,ivy-1.4,dam,4.42707476
36,ivy-1.4,moa,2.349136918
36,ivy-1.4,mfa,6.381713054
36,ivy-1.4,cam,2.966770176
36,ivy-1.4,ic,20.06226133
36,ivy-1.4,cbm,17.14308158
36,ivy-1.4,amc,5.516819255
36,ivy-1.4,max_cc,3.874036043
36,ivy-1.4,avg_cc,3.930864225
37,ivy-2.0,wmc,37.05904469
37,ivy-2.0,dit,8.968653987
37,ivy-2.0,noc,1.238918566
37,ivy-2.0,cbo,39.60542418
37,ivy-2.0,rfc,27.89726087
37,ivy-2.0,lcom,4.376808594
37,ivy-2.0,ca,33.75494114
37,ivy-2.0,ce,4.241315259
37,ivy-2.0,npm,16.5004902
37,ivy-2.0,lcom3,4.67487044
37,ivy-2.0,loc,16.25228461
37,ivy-2.0,dam,5.429116494
37,ivy-2.0,moa,3.117003459
37,ivy-2.0,mfa,6.256005614
37,ivy-2.0,cam,2.558759718
37,ivy-2.0,ic,5.774810216
37,ivy-2.0,cbm,3.627617562
37,ivy-2.0,amc,3.996993543
37,ivy-2.0,max_cc,3.954351576
37,ivy-2.0,avg_cc,3.746819664
38,jedit-3.2,wmc,53.13070934
38,jedit-3.2,dit,4.966201801
38,jedit-3.2,noc,1.328858977
38,jedit-3.2,cbo,177.9868396
38,jedit-3.2,rfc,15.38588087
38,jedit-3.2,lcom,9.716752978
38,jedit-3.2,ca,120.9839516
38,jedit-3.2,ce,34.7649673
38,jedit-3.2,npm,17.6062101
38,jedit-3.2,lcom3,3.451828732
38,jedit-3.2,loc,17.15517723
38,jedit-3.2,dam,3.677855064
38,jedit-3.2,moa,1.323647367
38,jedit-3.2,mfa,4.5488396
38,jedit-3.2,cam,2.395585021
38,jedit-3.2,ic,4.94109801
38,jedit-3.2,cbm,4.449647129
38,jedit-3.2,amc,2.467290059
38,jedit-3.2,max_cc,5.826187363
38,jedit-3.2,avg_cc,4.494861755
39,jedit-4.0,wmc,40.77048015
39,jedit-4.0,dit,5.049665176
39,jedit-4.0,noc,1.091237808
39,jedit-4.0,cbo,90.96723258
39,jedit-4.0,rfc,11.40631015
39,jedit-4.0,lcom,8.432583406
39,jedit-4.0,ca,69.26314228
39,jedit-4.0,ce,21.35039721
39,jedit-4.0,npm,14.90704835
39,jedit-4.0,lcom3,3.293653966
39,jedit-4.0,loc,12.59757541
39,jedit-4.0,dam,3.682233883
39,jedit-4.0,moa,1.2906064
39,jedit-4.0,mfa,4.770889977
39,jedit-4.0,cam,2.097217802
39,jedit-4.0,ic,5.410125429
39,jedit-4.0,cbm,4.671443834
39,jedit-4.0,amc,1.702253748
39,jedit-4.0,max_cc,11.75795614
39,jedit-4.0,avg_cc,6.710326359
40,jedit-4.1,wmc,36.74571589
40,jedit-4.1,dit,5.084571825
40,jedit-4.1,noc,1.07646291
40,jedit-4.1,cbo,104.9787103
40,jedit-4.1,rfc,8.642227136
40,jedit-4.1,lcom,3.794274587
40,jedit-4.1,ca,82.35872641
40,jedit-4.1,ce,19.56807292
40,jedit-4.1,npm,7.385335491
40,jedit-4.1,lcom3,2.31047676
40,jedit-4.1,loc,16.91293597
40,jedit-4.1,dam,2.531604979
40,jedit-4.1,moa,1.279725871
40,jedit-4.1,mfa,4.737717129
40,jedit-4.1,cam,1.926800207
40,jedit-4.1,ic,5.316962403
40,jedit-4.1,cbm,4.401611275
40,jedit-4.1,amc,2.286202341
40,jedit-4.1,max_cc,6.598881094
40,jedit-4.1,avg_cc,4.983348594
41,jedit-4.2,wmc,32.43336173
41,jedit-4.2,dit,6.469536631
41,jedit-4.2,noc,1.073808846
41,jedit-4.2,cbo,143.0235562
41,jedit-4.2,rfc,11.77605968
41,jedit-4.2,lcom,4.339880951
41,jedit-4.2,ca,107.0830403
41,jedit-4.2,ce,25.62537967
41,jedit-4.2,npm,14.67783793
41,jedit-4.2,lcom3,1.496937297
41,jedit-4.2,loc,10.41484604
41,jedit-4.2,dam,1.752350772
41,jedit-4.2,moa,2.038155363
41,jedit-4.2,mfa,5.665102453
41,jedit-4.2,cam,2.084658562
41,jedit-4.2,ic,6.292475294
41,jedit-4.2,cbm,4.546422874
41,jedit-4.2,amc,4.604134462
41,jedit-4.2,max_cc,5.88066887
41,jedit-4.2,avg_cc,5.857056985
42,jedit-4.3,wmc,230.4780601
42,jedit-4.3,dit,8.106043619
42,jedit-4.3,noc,2.839698907
42,jedit-4.3,cbo,785.5037134
42,jedit-4.3,rfc,161.2470985
42,jedit-4.3,lcom,26.28415965
42,jedit-4.3,ca,561.978122
42,jedit-4.3,ce,99.10452714
42,jedit-4.3,npm,123.755339
42,jedit-4.3,lcom3,9.715375267
42,jedit-4.3,loc,70.6262996
42,jedit-4.3,dam,10.95240267
42,jedit-4.3,moa,4.85662522
42,jedit-4.3,mfa,9.27725507
42,jedit-4.3,cam,6.289847165
42,jedit-4.3,ic,15.83872484
42,jedit-4.3,cbm,13.70272514
42,jedit-4.3,amc,5.696331872
42,jedit-4.3,max_cc,7.326862143
42,jedit-4.3,avg_cc,8.033712133
43,kalkulator,wmc,6613.198961
43,kalkulator,dit,90.24442078
43,kalkulator,noc,240.4465239
43,kalkulator,cbo,1220.449019
43,kalkulator,rfc,427.7842022
43,kalkulator,lcom,5336.303197
43,kalkulator,ca,144.1563734
43,kalkulator,ce,216.074794
43,kalkulator,npm,4793.712469
43,kalkulator,lcom3,34.22284863
43,kalkulator,loc,138.0382979
43,kalkulator,dam,21.78928415
43,kalkulator,moa,60.47251851
43,kalkulator,mfa,44.92996187
43,kalkulator,cam,612.9426325
43,kalkulator,ic,17.82790938
43,kalkulator,cbm,NA
43,kalkulator,amc,20.66407778
43,kalkulator,max_cc,674.4695804
43,kalkulator,avg_cc,856.304075
44,log4j-1.0,wmc,22.58655635
44,log4j-1.0,dit,9.744689326
44,log4j-1.0,noc,2.228451105
44,log4j-1.0,cbo,447.8322852
44,log4j-1.0,rfc,9.591241401
44,log4j-1.0,lcom,5.056622701
44,log4j-1.0,ca,403.8488626
44,log4j-1.0,ce,70.28895205
44,log4j-1.0,npm,7.678486613
44,log4j-1.0,lcom3,1.829429026
44,log4j-1.0,loc,15.57984194
44,log4j-1.0,dam,1.862404201
44,log4j-1.0,moa,1.60218775
44,log4j-1.0,mfa,7.768773669
44,log4j-1.0,cam,2.26881858
44,log4j-1.0,ic,2.88332096
44,log4j-1.0,cbm,2.727418996
44,log4j-1.0,amc,5.284280658
44,log4j-1.0,max_cc,7.860631357
44,log4j-1.0,avg_cc,6.199985454
45,log4j-1.1,wmc,31.18581701
45,log4j-1.1,dit,6.822301216
45,log4j-1.1,noc,1.260670397
45,log4j-1.1,cbo,638.0633699
45,log4j-1.1,rfc,12.88217125
45,log4j-1.1,lcom,5.311512028
45,log4j-1.1,ca,626.4818421
45,log4j-1.1,ce,131.531874
45,log4j-1.1,npm,10.93644271
45,log4j-1.1,lcom3,2.958285749
45,log4j-1.1,loc,13.62554565
45,log4j-1.1,dam,1.524250284
45,log4j-1.1,moa,2.166440497
45,log4j-1.1,mfa,9.421655886
45,log4j-1.1,cam,5.346328489
45,log4j-1.1,ic,5.650073611
45,log4j-1.1,cbm,6.982567648
45,log4j-1.1,amc,5.912572762
45,log4j-1.1,max_cc,10.81529037
45,log4j-1.1,avg_cc,11.81772905
46,log4j-1.2,wmc,42.35848655
46,log4j-1.2,dit,9.210792513
46,log4j-1.2,noc,1.000000307
46,log4j-1.2,cbo,47.75574143
46,log4j-1.2,rfc,12.45556164
46,log4j-1.2,lcom,5.8279796
46,log4j-1.2,ca,7.129603373
46,log4j-1.2,ce,37.5566552
46,log4j-1.2,npm,7.979919137
46,log4j-1.2,lcom3,2.12239128
46,log4j-1.2,loc,11.65025962
46,log4j-1.2,dam,2.360532529
46,log4j-1.2,moa,1.722608578
46,log4j-1.2,mfa,6.047113788
46,log4j-1.2,cam,4.718722126
46,log4j-1.2,ic,16697506.28
46,log4j-1.2,cbm,16697504.96
46,log4j-1.2,amc,17.61092229
46,log4j-1.2,max_cc,10.4234257
46,log4j-1.2,avg_cc,11.90759743
47,lucene-2.0,wmc,20.55511783
47,lucene-2.0,dit,4.069485544
47,lucene-2.0,noc,1.62173714
47,lucene-2.0,cbo,231.0737692
47,lucene-2.0,rfc,5.154737959
47,lucene-2.0,lcom,2.384811113
47,lucene-2.0,ca,243.4154887
47,lucene-2.0,ce,49.89061383
47,lucene-2.0,npm,6.784775475
47,lucene-2.0,lcom3,2.80346518
47,lucene-2.0,loc,23.78671984
47,lucene-2.0,dam,2.759215997
47,lucene-2.0,moa,1.645167502
47,lucene-2.0,mfa,5.225920859
47,lucene-2.0,cam,2.746825904
47,lucene-2.0,ic,4.165418061
47,lucene-2.0,cbm,3.669931752
47,lucene-2.0,amc,5.461072801
47,lucene-2.0,max_cc,9.956484726
47,lucene-2.0,avg_cc,4.186950129
48,lucene-2.2,wmc,15.31041478
48,lucene-2.2,dit,4.584898164
48,lucene-2.2,noc,1.35025958
48,lucene-2.2,cbo,270.4260236
48,lucene-2.2,rfc,6.538079379
48,lucene-2.2,lcom,1.848290527
48,lucene-2.2,ca,270.2713301
48,lucene-2.2,ce,55.81945182
48,lucene-2.2,npm,5.116282514
48,lucene-2.2,lcom3,3.007320904
48,lucene-2.2,loc,13.70340972
48,lucene-2.2,dam,3.06015503
48,lucene-2.2,moa,1.772736705
48,lucene-2.2,mfa,5.662305132
48,lucene-2.2,cam,3.085310436
48,lucene-2.2,ic,4.125214739
48,lucene-2.2,cbm,3.934741965
48,lucene-2.2,amc,4.474862073
48,lucene-2.2,max_cc,5.110744422
48,lucene-2.2,avg_cc,2.976649826
49,lucene-2.4,wmc,17.74932425
49,lucene-2.4,dit,4.946802526
49,lucene-2.4,noc,1.286491164
49,lucene-2.4,cbo,115.1349574
49,lucene-2.4,rfc,6.356988592
49,lucene-2.4,lcom,2.425306142
49,lucene-2.4,ca,105.0756315
49,lucene-2.4,ce,38.97627671
49,lucene-2.4,npm,3.535676827
49,lucene-2.4,lcom3,2.340807434
49,lucene-2.4,loc,9.651401215
49,lucene-2.4,dam,2.0367324
49,lucene-2.4,moa,2.292209583
49,lucene-2.4,mfa,5.92930827
49,lucene-2.4,cam,2.734203452
49,lucene-2.4,ic,3.051421819
49,lucene-2.4,cbm,3.399530298
49,lucene-2.4,amc,5.066663102
49,lucene-2.4,max_cc,5.488570681
49,lucene-2.4,avg_cc,5.069266961
50,nieruchomosci,wmc,3364.920368
50,nieruchomosci,dit,49.6797761
50,nieruchomosci,noc,NA
50,nieruchomosci,cbo,886.9773532
50,nieruchomosci,rfc,128.1947414
50,nieruchomosci,lcom,7.733275239
50,nieruchomosci,ca,163.5666016
50,nieruchomosci,ce,621.3182931
50,nieruchomosci,npm,403.0521231
50,nieruchomosci,lcom3,185.8151723
50,nieruchomosci,loc,764.6545239
50,nieruchomosci,dam,138.3068841
50,nieruchomosci,moa,325.7327762
50,nieruchomosci,mfa,62.85879955
50,nieruchomosci,cam,24.62525753
50,nieruchomosci,ic,230.0577025
50,nieruchomosci,cbm,NA
50,nieruchomosci,amc,519.9813689
50,nieruchomosci,max_cc,665.4337467
50,nieruchomosci,avg_cc,411.9820163
51,pbeans1,wmc,2344.884616
51,pbeans1,dit,9.427492205
51,pbeans1,noc,63.01973629
51,pbeans1,cbo,785.1113948
51,pbeans1,rfc,2054.146248
51,pbeans1,lcom,988.8389874
51,pbeans1,ca,437.5590967
51,pbeans1,ce,519.0522442
51,pbeans1,npm,170.9871868
51,pbeans1,lcom3,349.5381241
51,pbeans1,loc,2350.001065
51,pbeans1,dam,398.4882901
51,pbeans1,moa,7.291344194
51,pbeans1,mfa,12.73795576
51,pbeans1,cam,13.45945335
51,pbeans1,ic,15.9417121
51,pbeans1,cbm,NA
51,pbeans1,amc,53.39158759
51,pbeans1,max_cc,334.6275715
51,pbeans1,avg_cc,123.5082959
52,pbeans2,wmc,1076.395956
52,pbeans2,dit,81.77731509
52,pbeans2,noc,7.360232224
52,pbeans2,cbo,243.191801
52,pbeans2,rfc,322.8421749
52,pbeans2,lcom,80.53366719
52,pbeans2,ca,78.86641642
52,pbeans2,ce,71.12328156
52,pbeans2,npm,502.3710213
52,pbeans2,lcom3,12.28564515
52,pbeans2,loc,207.059609
52,pbeans2,dam,25.69908299
52,pbeans2,moa,3.433248853
52,pbeans2,mfa,122.4634609
52,pbeans2,cam,13.14273146
52,pbeans2,ic,26.43863514
52,pbeans2,cbm,13.68741537
52,pbeans2,amc,51.6436507
52,pbeans2,max_cc,15.6774855
52,pbeans2,avg_cc,12.20613962
53,pdftranslator,wmc,1379.021616
53,pdftranslator,dit,65.40009423
53,pdftranslator,noc,98.96294466
53,pdftranslator,cbo,4997.945819
53,pdftranslator,rfc,118.205993
53,pdftranslator,lcom,508.949014
53,pdftranslator,ca,568.3837465
53,pdftranslator,ce,5679.598838
53,pdftranslator,npm,532.3287639
53,pdftranslator,lcom3,673.8301022
53,pdftranslator,loc,1805.228244
53,pdftranslator,dam,1176.086813
53,pdftranslator,moa,96.6158437
53,pdftranslator,mfa,101.3192685
53,pdftranslator,cam,6.329011538
53,pdftranslator,ic,759.0959176
53,pdftranslator,cbm,439.2730133
53,pdftranslator,amc,838.3897305
53,pdftranslator,max_cc,361.2689313
53,pdftranslator,avg_cc,419.3014556
54,poi-1.5,wmc,42.86389326
54,poi-1.5,dit,9.655630502
54,poi-1.5,noc,1.54022045
54,poi-1.5,cbo,473.0224037
54,poi-1.5,rfc,20.30682662
54,poi-1.5,lcom,6.554731136
54,poi-1.5,ca,406.5806922
54,poi-1.5,ce,104.967333
54,poi-1.5,npm,11.06783225
54,poi-1.5,lcom3,3.851096607
54,poi-1.5,loc,16.82876524
54,poi-1.5,dam,3.639132807
54,poi-1.5,moa,1.636441148
54,poi-1.5,mfa,13.48816191
54,poi-1.5,cam,1.456928444
54,poi-1.5,ic,5.595991167
54,poi-1.5,cbm,4.687880298
54,poi-1.5,amc,4.272865504
54,poi-1.5,max_cc,18.36567869
54,poi-1.5,avg_cc,11.84501667
55,poi-2.0,wmc,62.66184857
55,poi-2.0,dit,6.81667144
55,poi-2.0,noc,2.29123557
55,poi-2.0,cbo,81.44503646
55,poi-2.0,rfc,20.78321486
55,poi-2.0,lcom,3.984819919
55,poi-2.0,ca,47.72212798
55,poi-2.0,ce,31.68784207
55,poi-2.0,npm,15.05943608
55,poi-2.0,lcom3,1.703398035
55,poi-2.0,loc,15.53037326
55,poi-2.0,dam,1.942666445
55,poi-2.0,moa,2.442804993
55,poi-2.0,mfa,7.039807613
55,poi-2.0,cam,1.431974094
55,poi-2.0,ic,3.957252085
55,poi-2.0,cbm,3.530722948
55,poi-2.0,amc,7.504896093
55,poi-2.0,max_cc,15.02894908
55,poi-2.0,avg_cc,9.697700912
56,poi-2.5,wmc,44.45178629
56,poi-2.5,dit,7.184969725
56,poi-2.5,noc,1.51415297
56,poi-2.5,cbo,89.4230933
56,poi-2.5,rfc,25.44303046
56,poi-2.5,lcom,7.422994176
56,poi-2.5,ca,78.90549382
56,poi-2.5,ce,10.70723999
56,poi-2.5,npm,19.49554208
56,poi-2.5,lcom3,1.89816779
56,poi-2.5,loc,14.79235493
56,poi-2.5,dam,1.917749767
56,poi-2.5,moa,2.362499815
56,poi-2.5,mfa,8.031930337
56,poi-2.5,cam,1.43087277
56,poi-2.5,ic,3.818190597
56,poi-2.5,cbm,3.542919845
56,poi-2.5,amc,12.91443784
56,poi-2.5,max_cc,8.581845923
56,poi-2.5,avg_cc,3.740074192
57,poi-3.0,wmc,73.69080496
57,poi-3.0,dit,7.053373239
57,poi-3.0,noc,1.204382647
57,poi-3.0,cbo,433.7440095
57,poi-3.0,rfc,6.851092743
57,poi-3.0,lcom,1.967790809
57,poi-3.0,ca,417.9663119
57,poi-3.0,ce,29.50321729
57,poi-3.0,npm,54.17128622
57,poi-3.0,lcom3,2.106310664
57,poi-3.0,loc,9.448170499
57,poi-3.0,dam,1.92719899
57,poi-3.0,moa,1.378001498
57,poi-3.0,mfa,7.820849962
57,poi-3.0,cam,1.491345547
57,poi-3.0,ic,3.742760374
57,poi-3.0,cbm,3.527128461
57,poi-3.0,amc,9.379491357
57,poi-3.0,max_cc,4.16379287
57,poi-3.0,avg_cc,4.134825334
58,prop-1,wmc,19.62091468
58,prop-1,dit,4.48259202
58,prop-1,noc,1.064638985
58,prop-1,cbo,521.3396031
58,prop-1,rfc,8.813908817
58,prop-1,lcom,3.00620683
58,prop-1,ca,306.6764609
58,prop-1,ce,215.305519
58,prop-1,npm,9.048748156
58,prop-1,lcom3,2.137154853
58,prop-1,loc,4.607166119
58,prop-1,dam,1.822305838
58,prop-1,moa,1.255898368
58,prop-1,mfa,5.291402829
58,prop-1,cam,1.469725849
58,prop-1,ic,3.60558129
58,prop-1,cbm,2.754709857
58,prop-1,amc,3.136004782
58,prop-1,max_cc,3.216602925
58,prop-1,avg_cc,3.801534551
59,prop-2,wmc,21.62105535
59,prop-2,dit,3.950618378
59,prop-2,noc,1.353979757
59,prop-2,cbo,11430.20006
59,prop-2,rfc,7.759371646
59,prop-2,lcom,2.793765312
59,prop-2,ca,7677.8804
59,prop-2,ce,3092.124158
59,prop-2,npm,12.28878989
59,prop-2,lcom3,2.128719677
59,prop-2,loc,3.364666277
59,prop-2,dam,1.633742305
59,prop-2,moa,1.060598679
59,prop-2,mfa,3.414282153
59,prop-2,cam,1.745007038
59,prop-2,ic,6.585570273
59,prop-2,cbm,4.559308055
59,prop-2,amc,2.984305076
59,prop-2,max_cc,5.616010232
59,prop-2,avg_cc,4.541047065
60,prop-3,wmc,19.58241062
60,prop-3,dit,4.260661113
60,prop-3,noc,1.203891114
60,prop-3,cbo,3166.868955
60,prop-3,rfc,11.93381498
60,prop-3,lcom,6.295580591
60,prop-3,ca,1945.750129
60,prop-3,ce,1248.715516
60,prop-3,npm,3.561720429
60,prop-3,lcom3,2.048360437
60,prop-3,loc,11.47922484
60,prop-3,dam,1.43580742
60,prop-3,moa,1.045141999
60,prop-3,mfa,3.253703545
60,prop-3,cam,1.464554352
60,prop-3,ic,6.348368359
60,prop-3,cbm,4.473798041
60,prop-3,amc,4.408070487
60,prop-3,max_cc,4.952908203
60,prop-3,avg_cc,3.777053909
61,prop-4,wmc,15.43281909
61,prop-4,dit,5.020399644
61,prop-4,noc,1.138741073
61,prop-4,cbo,29256.76578
61,prop-4,rfc,6.491770406
61,prop-4,lcom,5.28946391
61,prop-4,ca,22742.25457
61,prop-4,ce,4955.500647
61,prop-4,npm,8.920767755
61,prop-4,lcom3,1.897292647
61,prop-4,loc,5.670731913
61,prop-4,dam,1.648989941
61,prop-4,moa,1.155674464
61,prop-4,mfa,5.209932652
61,prop-4,cam,2.215709314
61,prop-4,ic,10.20567936
61,prop-4,cbm,6.834863254
61,prop-4,amc,2.74768588
61,prop-4,max_cc,5.018938409
61,prop-4,avg_cc,4.4243173
62,prop-5,wmc,24.64235058
62,prop-5,dit,3.677957785
62,prop-5,noc,2.195595483
62,prop-5,cbo,135263.5109
62,prop-5,rfc,6.654522314
62,prop-5,lcom,2.794480608
62,prop-5,ca,105244.2256
62,prop-5,ce,25789.28806
62,prop-5,npm,18.115506
62,prop-5,lcom3,1.530217387
62,prop-5,loc,6.03049843
62,prop-5,dam,1.339456088
62,prop-5,moa,1.057893352
62,prop-5,mfa,2.944142681
62,prop-5,cam,1.456916473
62,prop-5,ic,5.03221206
62,prop-5,cbm,4.496712398
62,prop-5,amc,3.03187822
62,prop-5,max_cc,5.669467323
62,prop-5,avg_cc,4.913015237
63,prop-6,wmc,68.43202583
63,prop-6,dit,9.439714046
63,prop-6,noc,1.00000104
63,prop-6,cbo,141.8768415
63,prop-6,rfc,23.221386
63,prop-6,lcom,15.09469913
63,prop-6,ca,110.9992433
63,prop-6,ce,96.42944002
63,prop-6,npm,24.15689143
63,prop-6,lcom3,7.258606931
63,prop-6,loc,20.82947137
63,prop-6,dam,8.139025846
63,prop-6,moa,3.181185485
63,prop-6,mfa,10.35644971
63,prop-6,cam,3.171928261
63,prop-6,ic,6.479048353
63,prop-6,cbm,6.607611013
63,prop-6,amc,3.629618683
63,prop-6,max_cc,5.718006945
63,prop-6,avg_cc,5.55831502
64,redaktor,wmc,174.0953086
64,redaktor,dit,123.3142217
64,redaktor,noc,1.00000001
64,redaktor,cbo,16.80829099
64,redaktor,rfc,44.38189648
64,redaktor,lcom,1.00000054
64,redaktor,ca,16.05979584
64,redaktor,ce,NA
64,redaktor,npm,74.59079544
64,redaktor,lcom3,6.623394112
64,redaktor,loc,50.89842974
64,redaktor,dam,11.98188253
64,redaktor,moa,3.521454893
64,redaktor,mfa,151.43344
64,redaktor,cam,6.847344251
64,redaktor,ic,7.016004796
64,redaktor,cbm,19.19074255
64,redaktor,amc,9.007622229
64,redaktor,max_cc,25.03392397
64,redaktor,avg_cc,19.88676996
65,serapion,wmc,557.2357202
65,serapion,dit,22.40379397
65,serapion,noc,10.6120777
65,serapion,cbo,1440.873331
65,serapion,rfc,54.25519323
65,serapion,lcom,12.21125448
65,serapion,ca,1904.692483
65,serapion,ce,127.9702708
65,serapion,npm,280.1418453
65,serapion,lcom3,108.2520274
65,serapion,loc,291.3338907
65,serapion,dam,48.40796434
65,serapion,moa,7.084419564
65,serapion,mfa,25.59218774
65,serapion,cam,92.97149104
65,serapion,ic,38.91201888
65,serapion,cbm,21.36188564
65,serapion,amc,286.4563882
65,serapion,max_cc,11.56601749
65,serapion,avg_cc,48.65187587
66,skarbonka,wmc,2096.526983
66,skarbonka,dit,1693.458531
66,skarbonka,noc,NA
66,skarbonka,cbo,32178.45554
66,skarbonka,rfc,5163.787588
66,skarbonka,lcom,1759.47713
66,skarbonka,ca,16596.25436
66,skarbonka,ce,25777.30174
66,skarbonka,npm,122.3525183
66,skarbonka,lcom3,369.1621716
66,skarbonka,loc,19718.10979
66,skarbonka,dam,732.2741843
66,skarbonka,moa,1095.629176
66,skarbonka,mfa,13697.81524
66,skarbonka,cam,988.03435
66,skarbonka,ic,3975.27379
66,skarbonka,cbm,NA
66,skarbonka,amc,5340.067301
66,skarbonka,max_cc,1245.303527
66,skarbonka,avg_cc,498.4888103
67,sklebagd,wmc,18478.08525
67,sklebagd,dit,111.5755411
67,sklebagd,noc,29.55280547
67,sklebagd,cbo,625.7047743
67,sklebagd,rfc,101.2003005
67,sklebagd,lcom,206.8426016
67,sklebagd,ca,308.0116956
67,sklebagd,ce,1080.972272
67,sklebagd,npm,26765.62286
67,sklebagd,lcom3,24.66025496
67,sklebagd,loc,377.6036174
67,sklebagd,dam,28.01095882
67,sklebagd,moa,58.93330557
67,sklebagd,mfa,459.5394055
67,sklebagd,cam,135.9534446
67,sklebagd,ic,1262.302009
67,sklebagd,cbm,400.1113968
67,sklebagd,amc,35.39065672
67,sklebagd,max_cc,1376.486483
67,sklebagd,avg_cc,NA
68,synapse-1.0,wmc,136.4358344
68,synapse-1.0,dit,9.691655375
68,synapse-1.0,noc,1.000000144
68,synapse-1.0,cbo,508.5458397
68,synapse-1.0,rfc,32.24248019
68,synapse-1.0,lcom,4.906503383
68,synapse-1.0,ca,80.78476734
68,synapse-1.0,ce,402.4203502
68,synapse-1.0,npm,72.28676678
68,synapse-1.0,lcom3,4.68260566
68,synapse-1.0,loc,36.79639007
68,synapse-1.0,dam,4.977431066
68,synapse-1.0,moa,2.294427391
68,synapse-1.0,mfa,8.516531017
68,synapse-1.0,cam,2.051813839
68,synapse-1.0,ic,48463109.19
68,synapse-1.0,cbm,48463106.13
68,synapse-1.0,amc,15.68309162
68,synapse-1.0,max_cc,10.74159796
68,synapse-1.0,avg_cc,16.55364361
69,synapse-1.1,wmc,78.29322753
69,synapse-1.1,dit,8.645421923
69,synapse-1.1,noc,1.82058794
69,synapse-1.1,cbo,552.6583725
69,synapse-1.1,rfc,26.02173618
69,synapse-1.1,lcom,11.68932726
69,synapse-1.1,ca,334.2707921
69,synapse-1.1,ce,203.8479625
69,synapse-1.1,npm,49.68179698
69,synapse-1.1,lcom3,8.961921638
69,synapse-1.1,loc,16.18003082
69,synapse-1.1,dam,8.993074236
69,synapse-1.1,moa,1.931621097
69,synapse-1.1,mfa,8.735412139
69,synapse-1.1,cam,2.598851391
69,synapse-1.1,ic,3.973461552
69,synapse-1.1,cbm,4.309144813
69,synapse-1.1,amc,11.28510789
69,synapse-1.1,max_cc,6.666463918
69,synapse-1.1,avg_cc,12.40422985
70,synapse-1.2,wmc,55.19452525
70,synapse-1.2,dit,7.81992621
70,synapse-1.2,noc,1.533994907
70,synapse-1.2,cbo,284.7373369
70,synapse-1.2,rfc,15.69886267
70,synapse-1.2,lcom,4.561766937
70,synapse-1.2,ca,225.3459059
70,synapse-1.2,ce,109.3668854
70,synapse-1.2,npm,32.9549499
70,synapse-1.2,lcom3,5.461791316
70,synapse-1.2,loc,11.40399665
70,synapse-1.2,dam,5.061472157
70,synapse-1.2,moa,2.08032298
70,synapse-1.2,mfa,7.970511744
70,synapse-1.2,cam,2.640826886
70,synapse-1.2,ic,8.679346214
70,synapse-1.2,cbm,8.311621877
70,synapse-1.2,amc,9.228826244
70,synapse-1.2,max_cc,7.882445766
70,synapse-1.2,avg_cc,11.05258347
71,systemdata,wmc,5045.569618
71,systemdata,dit,112.5709151
71,systemdata,noc,NA
71,systemdata,cbo,946.8813003
71,systemdata,rfc,3744.043831
71,systemdata,lcom,138.479141
71,systemdata,ca,372.8129413
71,systemdata,ce,275.4684611
71,systemdata,npm,1223.19347
71,systemdata,lcom3,147.7374004
71,systemdata,loc,1610.201712
71,systemdata,dam,498.2755392
71,systemdata,moa,137.4025133
71,systemdata,mfa,1405.446246
71,systemdata,cam,238.3077515
71,systemdata,ic,54.49573578
71,systemdata,cbm,NA
71,systemdata,amc,122.4079708
71,systemdata,max_cc,32.19234606
71,systemdata,avg_cc,90.02303138
72,szybkafucha,wmc,16906578.04
72,szybkafucha,dit,521334.2529
72,szybkafucha,noc,NA
72,szybkafucha,cbo,294.7212328
72,szybkafucha,rfc,321.478674
72,szybkafucha,lcom,241.1322922
72,szybkafucha,ca,313.2547636
72,szybkafucha,ce,NA
72,szybkafucha,npm,16840551.07
72,szybkafucha,lcom3,482.4212521
72,szybkafucha,loc,2322.438408
72,szybkafucha,dam,638.8376679
72,szybkafucha,moa,56.49043425
72,szybkafucha,mfa,140494.3732
72,szybkafucha,cam,15.79207384
72,szybkafucha,ic,223891.7573
72,szybkafucha,cbm,746.4919638
72,szybkafucha,amc,3110.427724
72,szybkafucha,max_cc,12641.00103
72,szybkafucha,avg_cc,14205.3364
73,termoproject,wmc,780.1389126
73,termoproject,dit,2079.74196
73,termoproject,noc,1.49929802
73,termoproject,cbo,29121.69145
73,termoproject,rfc,965.0724188
73,termoproject,lcom,275.7224208
73,termoproject,ca,10585.70551
73,termoproject,ce,24495.81135
73,termoproject,npm,613.015071
73,termoproject,lcom3,254.6874777
73,termoproject,loc,234.3283098
73,termoproject,dam,60.4477417
73,termoproject,moa,1070.011203
73,termoproject,mfa,1560.781977
73,termoproject,cam,22.78321856
73,termoproject,ic,19993.97088
73,termoproject,cbm,16422.37259
73,termoproject,amc,425.7809565
73,termoproject,max_cc,7.637785223
73,termoproject,avg_cc,38.73555084
74,tomcat,wmc,31.77253922
74,tomcat,dit,4.826843043
74,tomcat,noc,1.258826374
74,tomcat,cbo,9.67079304
74,tomcat,rfc,14.05638433
74,tomcat,lcom,3.926575446
74,tomcat,ca,7.328859905
74,tomcat,ce,NA
74,tomcat,npm,24.28639386
74,tomcat,lcom3,2.628540104
74,tomcat,loc,9.309486291
74,tomcat,dam,2.746838117
74,tomcat,moa,1.639304635
74,tomcat,mfa,5.306405715
74,tomcat,cam,2.266102586
74,tomcat,ic,3.345197427
74,tomcat,cbm,2.694010315
74,tomcat,amc,1.608485727
74,tomcat,max_cc,3.032897544
74,tomcat,avg_cc,2.562306904
75,velocity-1.4,wmc,46.92078383
75,velocity-1.4,dit,6.853155551
75,velocity-1.4,noc,2.543731425
75,velocity-1.4,cbo,64.5453953
75,velocity-1.4,rfc,8.171751528
75,velocity-1.4,lcom,8.659376376
75,velocity-1.4,ca,33.33494777
75,velocity-1.4,ce,33.33914457
75,velocity-1.4,npm,13.28592775
75,velocity-1.4,lcom3,5.730249368
75,velocity-1.4,loc,25.96630693
75,velocity-1.4,dam,5.611145123
75,velocity-1.4,moa,2.548977852
75,velocity-1.4,mfa,5.768290553
75,velocity-1.4,cam,2.074343641
75,velocity-1.4,ic,9.49739404
75,velocity-1.4,cbm,8.991346915
75,velocity-1.4,amc,3.290514255
75,velocity-1.4,max_cc,6.592473902
75,velocity-1.4,avg_cc,5.550871785
76,velocity-1.5,wmc,29.22187625
76,velocity-1.5,dit,4.222753312
76,velocity-1.5,noc,1.09414231
76,velocity-1.5,cbo,99.3387296
76,velocity-1.5,rfc,15.85171034
76,velocity-1.5,lcom,2.477733476
76,velocity-1.5,ca,89.69701176
76,velocity-1.5,ce,17.20462806
76,velocity-1.5,npm,16.2538037
76,velocity-1.5,lcom3,5.227463864
76,velocity-1.5,loc,5.509307412
76,velocity-1.5,dam,4.884625597
76,velocity-1.5,moa,1.585351708
76,velocity-1.5,mfa,5.460889804
76,velocity-1.5,cam,2.053849348
76,velocity-1.5,ic,6.349820278
76,velocity-1.5,cbm,4.538416117
76,velocity-1.5,amc,5.448272939
76,velocity-1.5,max_cc,9.83401097
76,velocity-1.5,avg_cc,11.18187781
77,velocity-1.6,wmc,72.8548237
77,velocity-1.6,dit,3.931815817
77,velocity-1.6,noc,1.282963993
77,velocity-1.6,cbo,298.0477305
77,velocity-1.6,rfc,9.835289168
77,velocity-1.6,lcom,9.654107564
77,velocity-1.6,ca,254.0840939
77,velocity-1.6,ce,62.4861651
77,velocity-1.6,npm,31.12295552
77,velocity-1.6,lcom3,3.92992279
77,velocity-1.6,loc,34.17374377
77,velocity-1.6,dam,3.894580763
77,velocity-1.6,moa,1.864336363
77,velocity-1.6,mfa,5.65592789
77,velocity-1.6,cam,1.477310589
77,velocity-1.6,ic,7.270769354
77,velocity-1.6,cbm,6.125430748
77,velocity-1.6,amc,5.556821188
77,velocity-1.6,max_cc,39.4455554
77,velocity-1.6,avg_cc,15.88142776
78,workflow,wmc,42444.12468
78,workflow,dit,468.6071455
78,workflow,noc,17.78740649
78,workflow,cbo,450493.008
78,workflow,rfc,626.3627447
78,workflow,lcom,467.8931092
78,workflow,ca,433662.3892
78,workflow,ce,89148.15595
78,workflow,npm,51166.14865
78,workflow,lcom3,99.83101066
78,workflow,loc,3330.845329
78,workflow,dam,345.6972002
78,workflow,moa,91.06682087
78,workflow,mfa,394.0325058
78,workflow,cam,129.7232122
78,workflow,ic,7197.0757
78,workflow,cbm,7654.456376
78,workflow,amc,116.2780782
78,workflow,max_cc,170.7602406
78,workflow,avg_cc,273.1689159
79,wspomaganiepi,wmc,1609.131622
79,wspomaganiepi,dit,6000310.038
79,wspomaganiepi,noc,2.257307734
79,wspomaganiepi,cbo,3784.182597
79,wspomaganiepi,rfc,401.5183681
79,wspomaganiepi,lcom,801.3401161
79,wspomaganiepi,ca,535.4512635
79,wspomaganiepi,ce,2827.898081
79,wspomaganiepi,npm,102.3122536
79,wspomaganiepi,lcom3,25.24571219
79,wspomaganiepi,loc,1435.962863
79,wspomaganiepi,dam,64.29834269
79,wspomaganiepi,moa,53.59475134
79,wspomaganiepi,mfa,5517388.559
79,wspomaganiepi,cam,83.09231445
79,wspomaganiepi,ic,308504.7266
79,wspomaganiepi,cbm,NA
79,wspomaganiepi,amc,846.6874638
79,wspomaganiepi,max_cc,NA
79,wspomaganiepi,avg_cc,NA
80,xalan-2.4,wmc,26.97840717
80,xalan-2.4,dit,5.685476294
80,xalan-2.4,noc,1.21832535
80,xalan-2.4,cbo,132.5622089
80,xalan-2.4,rfc,9.945368116
80,xalan-2.4,lcom,5.201301652
80,xalan-2.4,ca,91.36448712
80,xalan-2.4,ce,32.39359121
80,xalan-2.4,npm,14.33548806
80,xalan-2.4,lcom3,1.787349272
80,xalan-2.4,loc,6.570479911
80,xalan-2.4,dam,1.940024237
80,xalan-2.4,moa,2.197717627
80,xalan-2.4,mfa,5.673815341
80,xalan-2.4,cam,2.097976012
80,xalan-2.4,ic,5.431536324
80,xalan-2.4,cbm,2.90924025
80,xalan-2.4,amc,1.973080036
80,xalan-2.4,max_cc,4.015031252
80,xalan-2.4,avg_cc,3.563038802
81,xalan-2.5,wmc,30.28248015
81,xalan-2.5,dit,4.992602847
81,xalan-2.5,noc,1.163725254
81,xalan-2.5,cbo,155.9959006
81,xalan-2.5,rfc,9.523146268
81,xalan-2.5,lcom,4.158482519
81,xalan-2.5,ca,112.8132686
81,xalan-2.5,ce,34.99906367
81,xalan-2.5,npm,15.86686601
81,xalan-2.5,lcom3,2.140121692
81,xalan-2.5,loc,11.10126641
81,xalan-2.5,dam,2.284174967
81,xalan-2.5,moa,1.626310285
81,xalan-2.5,mfa,4.655916087
81,xalan-2.5,cam,2.727773103
81,xalan-2.5,ic,4.62044777
81,xalan-2.5,cbm,3.095850554
81,xalan-2.5,amc,8.886954197
81,xalan-2.5,max_cc,5.266745068
81,xalan-2.5,avg_cc,4.820181904
82,xalan-2.6,wmc,23.10258682
82,xalan-2.6,dit,5.037328782
82,xalan-2.6,noc,1.138397332
82,xalan-2.6,cbo,93.99171067
82,xalan-2.6,rfc,8.472198336
82,xalan-2.6,lcom,2.441032188
82,xalan-2.6,ca,63.8516392
82,xalan-2.6,ce,25.583537
82,xalan-2.6,npm,9.307596467
82,xalan-2.6,lcom3,2.493947801
82,xalan-2.6,loc,6.190459104
82,xalan-2.6,dam,2.41694974
82,xalan-2.6,moa,1.473231865
82,xalan-2.6,mfa,4.632966182
82,xalan-2.6,cam,2.109593495
82,xalan-2.6,ic,4.919660949
82,xalan-2.6,cbm,2.999771652
82,xalan-2.6,amc,2.180869839
82,xalan-2.6,max_cc,4.411858671
82,xalan-2.6,avg_cc,3.910178281
83,xalan-2.7,wmc,25.67738339
83,xalan-2.7,dit,5.158232349
83,xalan-2.7,noc,1.170857295
83,xalan-2.7,cbo,118.4794415
83,xalan-2.7,rfc,10.41318388
83,xalan-2.7,lcom,3.756814537
83,xalan-2.7,ca,78.18350356
83,xalan-2.7,ce,27.73544496
83,xalan-2.7,npm,15.72394904
83,xalan-2.7,lcom3,3.165431456
83,xalan-2.7,loc,8.577701986
83,xalan-2.7,dam,2.93778119
83,xalan-2.7,moa,1.939493586
83,xalan-2.7,mfa,4.868481622
83,xalan-2.7,cam,2.463688549
83,xalan-2.7,ic,4.800961003
83,xalan-2.7,cbm,3.007588604
83,xalan-2.7,amc,7.025277714
83,xalan-2.7,max_cc,5.041910999
83,xalan-2.7,avg_cc,4.886863603
84,xerces-1.2,wmc,32.71665435
84,xerces-1.2,dit,9.360445327
84,xerces-1.2,noc,1.598682814
84,xerces-1.2,cbo,77.66443252
84,xerces-1.2,rfc,23.34288704
84,xerces-1.2,lcom,9.776788212
84,xerces-1.2,ca,36.51850545
84,xerces-1.2,ce,31.10291741
84,xerces-1.2,npm,8.742570277
84,xerces-1.2,lcom3,3.812689803
84,xerces-1.2,loc,9.574512308
84,xerces-1.2,dam,3.271877675
84,xerces-1.2,moa,3.772909908
84,xerces-1.2,mfa,10.57272446
84,xerces-1.2,cam,1.821240539
84,xerces-1.2,ic,3.620173834
84,xerces-1.2,cbm,3.382944539
84,xerces-1.2,amc,3.143280941
84,xerces-1.2,max_cc,6.754215026
84,xerces-1.2,avg_cc,5.849352891
85,xerces-1.3,wmc,25.15955466
85,xerces-1.3,dit,7.83026831
85,xerces-1.3,noc,1.502528354
85,xerces-1.3,cbo,60.46824444
85,xerces-1.3,rfc,15.881962
85,xerces-1.3,lcom,7.907472775
85,xerces-1.3,ca,33.08266406
85,xerces-1.3,ce,19.64753527
85,xerces-1.3,npm,5.012856356
85,xerces-1.3,lcom3,2.39184356
85,xerces-1.3,loc,6.945938495
85,xerces-1.3,dam,2.505086133
85,xerces-1.3,moa,2.489366479
85,xerces-1.3,mfa,8.535799001
85,xerces-1.3,cam,2.412470882
85,xerces-1.3,ic,3.83000829
85,xerces-1.3,cbm,3.146786222
85,xerces-1.3,amc,1.881072888
85,xerces-1.3,max_cc,5.026883854
85,xerces-1.3,avg_cc,4.261716686
86,xerces-1.4,wmc,129.5043821
86,xerces-1.4,dit,14.3254038
86,xerces-1.4,noc,1.34789101
86,xerces-1.4,cbo,320680928.3
86,xerces-1.4,rfc,10.94828406
86,xerces-1.4,lcom,5.901489461
86,xerces-1.4,ca,296055959.5
86,xerces-1.4,ce,15108346.44
86,xerces-1.4,npm,97.38994021
86,xerces-1.4,lcom3,2.69311463
86,xerces-1.4,loc,7.30743334
86,xerces-1.4,dam,2.483744188
86,xerces-1.4,moa,2.081157387
86,xerces-1.4,mfa,15.34134288
86,xerces-1.4,cam,1.397233522
86,xerces-1.4,ic,8.830219325
86,xerces-1.4,cbm,8.879053896
86,xerces-1.4,amc,3.997701761
86,xerces-1.4,max_cc,21.23965892
86,xerces-1.4,avg_cc,19.27691825
87,xerces-init,wmc,83.21434276
87,xerces-init,dit,6.395414872
87,xerces-init,noc,1.444424496
87,xerces-init,cbo,98.04891693
87,xerces-init,rfc,26.55976423
87,xerces-init,lcom,6.89875742
87,xerces-init,ca,51.59974967
87,xerces-init,ce,40.66882607
87,xerces-init,npm,24.01016729
87,xerces-init,lcom3,3.419134867
87,xerces-init,loc,8.87333996
87,xerces-init,dam,2.991516064
87,xerces-init,moa,5.097749595
87,xerces-init,mfa,7.882876811
87,xerces-init,cam,1.959281808
87,xerces-init,ic,7.298259881
87,xerces-init,cbm,5.685926503
87,xerces-init,amc,3.494715262
87,xerces-init,max_cc,5.032647819
87,xerces-init,avg_cc,4.973758522
88,zuzel,wmc,3624.191701
88,zuzel,dit,1221.999196
88,zuzel,noc,NA
88,zuzel,cbo,1105.324336
88,zuzel,rfc,418.3699516
88,zuzel,lcom,398.5335239
88,zuzel,ca,856.901479
88,zuzel,ce,252.3078096
88,zuzel,npm,571.3373942
88,zuzel,lcom3,36.85013395
88,zuzel,loc,355.6146901
88,zuzel,dam,57.31767471
88,zuzel,moa,41.42825422
88,zuzel,mfa,408.4357816
88,zuzel,cam,243.9379247
88,zuzel,ic,NA
88,zuzel,cbm,NA
88,zuzel,amc,158.810936
88,zuzel,max_cc,141.3207975
88,zuzel,avg_cc,240.3143459
89,eclipse-2.0,pre,1.351505923
89,eclipse-2.0,ACD,1.740732074
89,eclipse-2.0,FOUT_avg,9.553877096
89,eclipse-2.0,FOUT_max,9.709620654
89,eclipse-2.0,FOUT_sum,10.13474093
89,eclipse-2.0,MLOC_avg,23.52261284
89,eclipse-2.0,MLOC_max,18.36925877
89,eclipse-2.0,MLOC_sum,67.71982867
89,eclipse-2.0,NBD_avg,6.60379104
89,eclipse-2.0,NBD_max,3.874603827
89,eclipse-2.0,NBD_sum,21.13775695
89,eclipse-2.0,NOF_avg,22.00954301
89,eclipse-2.0,NOF_max,71.07174862
89,eclipse-2.0,NOF_sum,65.24960338
89,eclipse-2.0,NOI,62.00232842
89,eclipse-2.0,NOM_avg,46.28726696
89,eclipse-2.0,NOM_max,141.1562445
89,eclipse-2.0,NOM_sum,118.9813442
89,eclipse-2.0,NOT,61.60669912
89,eclipse-2.0,NSF_avg,119.0746852
89,eclipse-2.0,NSF_max,21138.25285
89,eclipse-2.0,NSF_sum,19660.37057
89,eclipse-2.0,NSM_avg,203.5196524
89,eclipse-2.0,NSM_max,45359.51279
89,eclipse-2.0,NSM_sum,44857.71422
89,eclipse-2.0,PAR_avg,2.535226379
89,eclipse-2.0,PAR_max,2.461000874
89,eclipse-2.0,PAR_sum,14.62681528
89,eclipse-2.0,TLOC,75.67084075
89,eclipse-2.0,VG_avg,14.96299567
89,eclipse-2.0,VG_max,12.22727387
89,eclipse-2.0,VG_sum,19.70200443
90,eclipse-2.1,pre,1.341618161
90,eclipse-2.1,ACD,1.801450892
90,eclipse-2.1,FOUT_avg,10.80672859
90,eclipse-2.1,FOUT_max,9.878604377
90,eclipse-2.1,FOUT_sum,11.71645927
90,eclipse-2.1,MLOC_avg,26.1457779
90,eclipse-2.1,MLOC_max,17.30829318
90,eclipse-2.1,MLOC_sum,116.0613269
90,eclipse-2.1,NBD_avg,6.72226931
90,eclipse-2.1,NBD_max,4.876914583
90,eclipse-2.1,NBD_sum,29.20285842
90,eclipse-2.1,NOF_avg,12.96595583
90,eclipse-2.1,NOF_max,68.60858836
90,eclipse-2.1,NOF_sum,60.6845058
90,eclipse-2.1,NOI,2210061.139
90,eclipse-2.1,NOM_avg,22.29663147
90,eclipse-2.1,NOM_max,94.79307195
90,eclipse-2.1,NOM_sum,90.13283227
90,eclipse-2.1,NOT,2210061.164
90,eclipse-2.1,NSF_avg,143.6828124
90,eclipse-2.1,NSF_max,41962.91818
90,eclipse-2.1,NSF_sum,41668.0556
90,eclipse-2.1,NSM_avg,127.7669103
90,eclipse-2.1,NSM_max,1892.56405
90,eclipse-2.1,NSM_sum,1593.782608
90,eclipse-2.1,PAR_avg,2.528963789
90,eclipse-2.1,PAR_max,2.612364879
90,eclipse-2.1,PAR_sum,13.11228375
90,eclipse-2.1,TLOC,137.067334
90,eclipse-2.1,VG_avg,8.737115685
90,eclipse-2.1,VG_max,11.43240519
90,eclipse-2.1,VG_sum,25.84313081
91,eclipse-3.0,pre,1.202780328
91,eclipse-3.0,ACD,1.673026151
91,eclipse-3.0,FOUT_avg,9.187945646
91,eclipse-3.0,FOUT_max,9.79856133
91,eclipse-3.0,FOUT_sum,16.37406955
91,eclipse-3.0,MLOC_avg,23.73514622
91,eclipse-3.0,MLOC_max,17.03223007
91,eclipse-3.0,MLOC_sum,99.76338338
91,eclipse-3.0,NBD_avg,7.001801772
91,eclipse-3.0,NBD_max,4.468264506
91,eclipse-3.0,NBD_sum,32.15869639
91,eclipse-3.0,NOF_avg,28.02450865
91,eclipse-3.0,NOF_max,97.41244385
91,eclipse-3.0,NOF_sum,70.2293678
91,eclipse-3.0,NOI,23.34330165
91,eclipse-3.0,NOM_avg,21.47265811
91,eclipse-3.0,NOM_max,63.38804513
91,eclipse-3.0,NOM_sum,56.27096
91,eclipse-3.0,NOT,22.78033335
91,eclipse-3.0,NSF_avg,127.3634326
91,eclipse-3.0,NSF_max,3089.033678
91,eclipse-3.0,NSF_sum,2977.561781
91,eclipse-3.0,NSM_avg,145.5662167
91,eclipse-3.0,NSM_max,2081.229777
91,eclipse-3.0,NSM_sum,1850.682677
91,eclipse-3.0,PAR_avg,2.449813384
91,eclipse-3.0,PAR_max,2.511956852
91,eclipse-3.0,PAR_sum,14.20179084
91,eclipse-3.0,TLOC,109.1004929
91,eclipse-3.0,VG_avg,10.84162477
91,eclipse-3.0,VG_max,10.25688778
91,eclipse-3.0,VG_sum,44.10841642
92,Apache,AvgCyclomatic,145.5584708
92,Apache,AvgCyclomaticModified,85.34183835
92,Apache,AvgCyclomaticStrict,70.66546829
92,Apache,AvgEssential,4.589033784
92,Apache,AvgLine,1.149815809
92,Apache,AvgLineBlank,7.678303528
92,Apache,AvgLineCode,24.24987529
92,Apache,AvgLineComment,2.893385581
92,Apache,CountLine,10.14155981
92,Apache,CountLineBlank,41.2427728
92,Apache,CountLineCode,1229.717651
92,Apache,CountLineCodeDecl,40.68577168
92,Apache,CountLineCodeExe,597.3890921
92,Apache,CountLineComment,12.99521608
92,Apache,CountSemicolon,382.6729725
92,Apache,CountStmt,1395.819868
92,Apache,CountStmtDecl,88.73143059
92,Apache,CountStmtExe,NA
92,Apache,MaxCyclomatic,99.39876743
92,Apache,MaxCyclomaticModified,66.16018821
92,Apache,MaxCyclomaticStrict,105.0118192
92,Apache,RatioCommentToCode,1.807451755
92,Apache,SumCyclomatic,771.7420653
92,Apache,SumCyclomaticModified,663.4964082
92,Apache,SumCyclomaticStrict,278.616062
92,Apache,SumEssential,37.29710974
93,Safe,AvgCyclomatic,1932.316784
93,Safe,AvgCyclomaticModified,1433.528781
93,Safe,AvgCyclomaticStrict,467.9333
93,Safe,AvgEssential,22.49564106
93,Safe,AvgLine,2360.552715
93,Safe,AvgLineBlank,261.8069183
93,Safe,AvgLineCode,1729.953863
93,Safe,AvgLineComment,32.11455548
93,Safe,CountLine,236577.1955
93,Safe,CountLineBlank,3809.071551
93,Safe,CountLineCode,194479.7413
93,Safe,CountLineCodeDecl,2983.059765
93,Safe,CountLineCodeExe,3423.975148
93,Safe,CountLineComment,7059.662414
93,Safe,CountSemicolon,6451.333444
93,Safe,CountStmt,23275.90039
93,Safe,CountStmtDecl,686.6764639
93,Safe,CountStmtExe,NA
93,Safe,MaxCyclomatic,12454.45876
93,Safe,MaxCyclomaticModified,69933.45864
93,Safe,MaxCyclomaticStrict,25659.05819
93,Safe,RatioCommentToCode,8.452375693
93,Safe,SumCyclomatic,119105.3428
93,Safe,SumCyclomaticModified,23468.69206
93,Safe,SumCyclomaticStrict,164978.3529
93,Safe,SumEssential,943.0541436
94,Zxing,AvgCyclomatic,96.79154415
94,Zxing,AvgCyclomaticModified,69.60912908
94,Zxing,AvgCyclomaticStrict,30.92825246
94,Zxing,AvgEssential,6.921920966
94,Zxing,AvgLine,463.0874923
94,Zxing,AvgLineBlank,6.325287392
94,Zxing,AvgLineCode,330.0240927
94,Zxing,AvgLineComment,11.19359621
94,Zxing,CountLine,1252.879441
94,Zxing,CountLineBlank,26.45533541
94,Zxing,CountLineCode,2685.039211
94,Zxing,CountLineCodeDecl,327.2895184
94,Zxing,CountLineCodeExe,631.6803804
94,Zxing,CountLineComment,62.9905055
94,Zxing,CountSemicolon,395.1314444
94,Zxing,CountStmt,729.8339307
94,Zxing,CountStmtDecl,28.42629657
94,Zxing,CountStmtExe,NA
94,Zxing,MaxCyclomatic,119.1675918
94,Zxing,MaxCyclomaticModified,91.57723733
94,Zxing,MaxCyclomaticStrict,68.12730626
94,Zxing,RatioCommentToCode,1.779003756
94,Zxing,SumCyclomatic,1074.95589
94,Zxing,SumCyclomaticModified,858.9540457
94,Zxing,SumCyclomaticStrict,267.4900794
94,Zxing,SumEssential,27.7349408
95,eclipse34_debug,LOC,10.62519575
95,eclipse34_debug,AverageComplexity,2.260922138
95,eclipse34_debug,MaximumComplexity,3.487393564
95,eclipse34_debug,LCOM,1.887325858
95,eclipse34_debug,DIT,3.087941315
95,eclipse34_debug,IFANIN,1.39097372
95,eclipse34_debug,CBO,3.918452469
95,eclipse34_debug,NOC,1.137121335
95,eclipse34_debug,RFC,3.771735304
95,eclipse34_debug,NIM,7.107317191
95,eclipse34_debug,NIV,4.117854813
95,eclipse34_debug,NCM,1.224902018
95,eclipse34_debug,NCV,1.154732418
95,eclipse34_debug,WMC,NA
95,eclipse34_debug,change_times,3.82747455
95,eclipse34_debug,plus,24.37542004
95,eclipse34_debug,minus,34.45637355
96,eclipse34_swt,LOC,12.06135054
96,eclipse34_swt,AverageComplexity,4.100261044
96,eclipse34_swt,MaximumComplexity,4.177051165
96,eclipse34_swt,LCOM,1.617592102
96,eclipse34_swt,DIT,1.716858281
96,eclipse34_swt,IFANIN,1.031169726
96,eclipse34_swt,CBO,1.950629699
96,eclipse34_swt,NOC,1.016580873
96,eclipse34_swt,RFC,2.655105558
96,eclipse34_swt,NIM,1.937582377
96,eclipse34_swt,NIV,1.699138207
96,eclipse34_swt,NCM,2.717232734
96,eclipse34_swt,NCV,3.681908213
96,eclipse34_swt,WMC,NA
96,eclipse34_swt,change_times,2.363431679
96,eclipse34_swt,plus,37.43533602
96,eclipse34_swt,minus,47.55865726
97,equinox,numberOfVersionsUntil.,8.120692526
97,equinox,numberOfFixesUntil.,4.01714733
97,equinox,numberOfRefactoringsUntil.,1.779313585
97,equinox,numberOfAuthorsUntil.,4.522368766
97,equinox,linesAddedUntil.,30.06303411
97,equinox,maxLinesAddedUntil.,24.79385328
97,equinox,avgLinesAddedUntil.,8.45874E+11
97,equinox,linesRemovedUntil.,29.15517212
97,equinox,maxLinesRemovedUntil.,34.37402494
97,equinox,avgLinesRemovedUntil.,1.23407E+11
97,equinox,codeChurnUntil.,NA
97,equinox,maxCodeChurnUntil.,20.71623762
97,equinox,avgCodeChurnUntil.,7.72347E+11
97,equinox,ageWithRespectTo.,4.977929821
97,equinox,weightedAgeWithRespectTo.,1.788918719
98,jdt,numberOfVersionsUntil.,4.361750779
98,jdt,numberOfFixesUntil.,2.222330876
98,jdt,numberOfRefactoringsUntil.,1.022069088
98,jdt,numberOfAuthorsUntil.,3.533204298
98,jdt,linesAddedUntil.,78.59125888
98,jdt,maxLinesAddedUntil.,42.34565134
98,jdt,avgLinesAddedUntil.,1.44311E+11
98,jdt,linesRemovedUntil.,76.16920835
98,jdt,maxLinesRemovedUntil.,33.25291935
98,jdt,avgLinesRemovedUntil.,1.36943E+11
98,jdt,codeChurnUntil.,NA
98,jdt,maxCodeChurnUntil.,5.85958148
98,jdt,avgCodeChurnUntil.,23857875763
98,jdt,ageWithRespectTo.,2.956728
98,jdt,weightedAgeWithRespectTo.,1.903775997
99,lucene,numberOfVersionsUntil.,15.90643138
99,lucene,numberOfFixesUntil.,5.421586252
99,lucene,numberOfRefactoringsUntil.,1.136777942
99,lucene,numberOfAuthorsUntil.,8.121825166
99,lucene,linesAddedUntil.,44.45233996
99,lucene,maxLinesAddedUntil.,16.38402716
99,lucene,avgLinesAddedUntil.,3.58112E+11
99,lucene,linesRemovedUntil.,53.07128463
99,lucene,maxLinesRemovedUntil.,16.26807959
99,lucene,avgLinesRemovedUntil.,3.37886E+11
99,lucene,codeChurnUntil.,NA
99,lucene,maxCodeChurnUntil.,4.867402474
99,lucene,avgCodeChurnUntil.,2.0026E+11
99,lucene,ageWithRespectTo.,10.07167542
99,lucene,weightedAgeWithRespectTo.,6.119612204
100,mylyn,numberOfVersionsUntil.,9.123935591
100,mylyn,numberOfFixesUntil.,1.405009782
100,mylyn,numberOfRefactoringsUntil.,1.709502206
100,mylyn,numberOfAuthorsUntil.,2.117027151
100,mylyn,linesAddedUntil.,70.35660171
100,mylyn,maxLinesAddedUntil.,50.84019854
100,mylyn,avgLinesAddedUntil.,4.36087E+11
100,mylyn,linesRemovedUntil.,69.62680351
100,mylyn,maxLinesRemovedUntil.,40.87143462
100,mylyn,avgLinesRemovedUntil.,2.93353E+11
100,mylyn,codeChurnUntil.,NA
100,mylyn,maxCodeChurnUntil.,4.501082489
100,mylyn,avgCodeChurnUntil.,24302063527
100,mylyn,ageWithRespectTo.,7.645954703
100,mylyn,weightedAgeWithRespectTo.,4.865959743
101,pde,numberOfVersionsUntil.,9.260614694
101,pde,numberOfFixesUntil.,1.594632603
101,pde,numberOfRefactoringsUntil.,1.125812397
101,pde,numberOfAuthorsUntil.,6.239857529
101,pde,linesAddedUntil.,20.23967862
101,pde,maxLinesAddedUntil.,16.8810168
101,pde,avgLinesAddedUntil.,2.49124E+11
101,pde,linesRemovedUntil.,18.69665736
101,pde,maxLinesRemovedUntil.,7.690706923
101,pde,avgLinesRemovedUntil.,82258684344
101,pde,codeChurnUntil.,NA
101,pde,maxCodeChurnUntil.,12.65609929
101,pde,avgCodeChurnUntil.,1.76057E+11
101,pde,ageWithRespectTo.,6.442601262
101,pde,weightedAgeWithRespectTo.,3.339437414